FIPS,corn_bush,corn_usd,cotton_bales,cotton_usd
1001,34810,367000,15508,5204000
1003,592305,5227000,23233,8211000
1005,183932,828000,11712,4321000
1007,NA,NA,,
1009,115564,NA,5273,1820000
1011,42558,377000,,
1013,NA,1629000,,
1015,135919,191000,11670,4036000
1017,37980,NA,NA,NA
1019,400140,3088000,51986,16519000
1021,12669,300000,NA,NA
1023,2802,NA,NA,NA
1025,3903,NA,NA,NA
1027,NA,NA,,
1029,32075,340000,,
1031,271826,1162000,19316,6447000
1033,1867249,13024000,11677,4182000
1035,196495,629000,20143,6444000
1037,1410,NA,,
1039,530635,1224000,23266,7876000
1041,276013,672000,NA,NA
1043,347480,2976000,NA,NA
1045,217059,1007000,15692,5309000
1047,427577,7512000,24427,8654000
1049,1233885,8296000,3122,1080000
1051,364479,1745000,25928,7781000
1053,275726,1319000,35281,12390000
1055,132942,459000,4404,1431000
1057,153492,500000,11285,4059000
1059,404755,815000,6519,2011000
1061,409733,2200000,38516,12275000
1063,NA,2000,,
1065,7330,NA,,
1067,433701,3664000,32569,11039000
1069,287890,929000,28692,9583000
1071,2359556,12060000,6243,2103000
1073,3360,56000,,
1075,57970,NA,NA,NA
1077,1745961,9584000,37579,12403000
1079,2899578,16384000,36926,12910000
1081,9005,78000,1712,562000
1083,2299778,13917000,55726,18659000
1085,234107,777000,6465,1939000
1087,74015,NA,22373,6102000
1089,2459235,15843000,57446,18948000
1091,92338,936000,6498,2218000
1093,78666,NA,NA,NA
1095,256851,2345000,NA,NA
1097,NA,NA,14336,3847000
1099,213180,673000,30530,10568000
1101,287879,626000,8156,2415000
1103,393373,1550000,4402,1430000
1105,300792,3769000,6117,1716000
1107,NA,2137000,6331,2132000
1109,149557,1063000,7555,2408000
1111,75765,NA,NA,NA
1113,205520,650000,9391,2953000
1115,10159,NA,,
1117,91974,729000,9171,3101000
1119,47804,529000,2460,846000
1121,945777,2247000,8494,3500000
1123,47758,NA,NA,NA
1125,294885,950000,2997,940000
1127,59540,234000,NA,NA
1129,49607,NA,7919,2742000
1131,NA,309000,NA,NA
1133,5317,NA,,
4003,3826964,20803000,NA,2415000
4009,1305334,9590000,63457,28479000
4011,40282,NA,415,NA
4012,,NA,35023,NA
4013,142852,9346000,74642,25862000
4017,NA,350000,,
4019,,NA,33398,10576000
4021,541649,20474000,257903,92040000
4025,NA,61000,,
5001,6461833,31569000,,
5003,3448518,12648000,46146,14681000
5007,NA,429000,,
5009,,NA,,
5015,,23000,,
5017,9606403,15944000,47349,14610000
5019,NA,NA,NA,NA
5021,7090550,18252000,73065,22663000
5029,378246,1999000,,
5031,6021532,22747000,183628,59947000
5033,248096,780000,,
5035,1548604,8211000,44808,15739000
5037,1648209,9493000,NA,NA
5041,10426380,20853000,41522,NA
5043,3820887,6334000,22471,7501000
5045,62400,786000,,
5047,84885,NA,,
5049,NA,333000,,
5055,5225084,15834000,11920,4107000
5063,1385795,2857000,,
5065,NA,NA,,
5067,2261042,7124000,,
5069,8593489,28235000,13114,4388000
5071,140600,910000,,
5073,2513565,7433000,,
5075,1110114,4145000,,
5077,3920901,18712000,98879,29944000
5079,4807356,13459000,47071,15219000
5081,993456,5080000,NA,NA
5083,360500,NA,,
5085,5577210,24300000,11097,3999000
5087,,NA,,
5091,990628,4495000,NA,NA
5093,3734591,10104000,234274,75016000
5095,6579666,16022000,6637,2319000
5105,NA,NA,,
5107,8904287,19769000,59625,20230000
5111,3888720,12502000,57524,18848000
5115,24300,NA,,
5117,3502032,10873000,NA,NA
5119,922149,2482000,,
5121,1019750,NA,,
5123,3011691,10180000,55477,NA
5131,NA,NA,,
5143,,NA,,
5145,749497,3089000,,
5147,3405081,10903000,NA,NA
5149,143780,NA,,
6007,107291,NA,,
6009,,NA,,
6011,1173253,3165000,1240,NA
6013,271181,NA,,
6019,816638,12719000,223443,139232000
6021,1570387,4450000,9227,3746000
6023,296,83000,,
6025,95496,1842000,13675,5565000
6029,675548,16483000,65422,39745000
6031,1454127,23449000,310843,201098000
6033,,NA,,
6037,NA,NA,,
6039,424109,6340000,NA,NA
6041,,NA,,
6047,3793985,39247000,139394,74711000
6049,NA,NA,,
6053,NA,NA,,
6061,NA,NA,,
6065,910,255000,18335,7818000
6067,2416394,9290000,,
6071,NA,NA,,
6073,58536,114000,,
6077,7996212,41572000,,
6079,34431,8000,,
6081,NA,NA,,
6083,NA,300000,,
6089,858,NA,,
6095,1734533,3276000,,
6097,432,303000,,
6099,907307,18526000,,
6101,2254762,6706000,NA,NA
6103,NA,NA,,
6107,3105707,47097000,77621,37547000
6113,2688902,11118000,,
6115,NA,NA,,
8001,1080483,12946000,,
8005,21498,NA,,
8009,4632177,19575000,,
8011,141176,7345000,,
8013,192324,2442000,,
8014,NA,254000,,
8017,3508879,27006000,,
8021,,NA,,
8025,14639,113000,,
8029,729457,4069000,,
8033,NA,NA,,
8039,72215,1475000,,
8041,92472,2000,,
8043,,NA,,
8045,,NA,,
8055,,NA,,
8057,,NA,,
8059,NA,NA,,
8061,352289,7951000,,
8063,11015317,93918000,,
8067,NA,403000,,
8069,1485552,10994000,,
8071,2027,NA,,
8073,670162,6622000,,
8075,9640552,51360000,,
8077,728379,4567000,,
8081,,NA,,
8083,NA,2502000,,
8085,1899216,4694000,,
8087,8181091,46554000,,
8089,701377,6661000,,
8095,13059655,59175000,,
8099,2005556,17686000,,
8101,647631,4218000,,
8113,,402000,,
8115,5209418,28615000,,
8121,4888643,39314000,,
8123,13834242,110033000,,
8125,35791041,148144000,,
9001,NA,51000,,
9003,206707,1507000,,
9005,220422,1200000,,
9007,NA,NA,,
9009,NA,NA,,
9011,162423,1650000,,
9013,151399,2736000,,
9015,51201,3174000,,
10001,6006706,38044000,,
10003,2879211,14259000,,
10005,14926382,76300000,,
12001,380106,NA,,
12003,9090,29000,,
12007,94691,NA,,
12009,,NA,,
12013,102638,5000,11226,3794000
12015,,NA,,
12017,,NA,,
12019,34928,NA,,
12021,NA,6000,,
12023,204427,NA,NA,NA
12029,NA,NA,,
12031,39783,NA,,
12033,327191,NA,21714,7666000
12035,NA,NA,,
12039,106557,NA,,
12041,36700,2373000,,
12043,NA,NA,,
12047,860276,1471000,,
12057,3610,110000,,
12059,75469,349000,5533,1850000
12061,,603000,,
12063,430143,2573000,60659,20483000
12065,96802,523000,3689,1241000
12067,391213,NA,3399,1132000
12069,NA,NA,,
12073,NA,NA,,
12075,945,1549000,,
12077,NA,NA,,
12079,375816,3795000,NA,NA
12081,,NA,,
12083,NA,NA,NA,NA
12086,NA,1000,,
12089,730,48000,,
12091,56808,140000,4976,NA
12093,,NA,,
12095,,NA,,
12099,7080,NA,,
12105,NA,NA,,
12107,NA,NA,,
12109,28506,1290000,,
12113,70982,464000,33947,11808000
12115,,NA,,
12121,616593,3780000,,
12123,NA,NA,,
12125,31600,NA,,
12127,32334,NA,,
12129,3550, (Z),,
12131,26750,272000,5550,1805000
12133,81689,NA,2783,837000
13001,113688,2621000,52694,19069000
13003,644588,2126000,25542,8690000
13005,74100,2097000,19756,6716000
13007,1792331,4513000,25121,9078000
13009,,NA,,
13011,21427,143000,,
13013,1890,2000,NA,NA
13015,285195,863000,3396,1179000
13017,571980,1011000,16789,5699000
13019,823719,1413000,32660,11025000
13021,11125,NA,,
13023,966067,1961000,9503,3385000
13025,128090,NA,58,NA
13027,398375,3943000,66240,24245000
13029,NA,169000,NA,NA
13031,698493,2685000,111315,39101000
13033,2289827,11795000,66847,23383000
13035,,NA,,
13037,2132457,8177000,37818,13388000
13043,40207,39000,14686,5085000
13045,8138,204000,,
13047,NA,NA,,
13049,3590,27000,,
13051,,4000,,
13055,53057,NA,,
13057,950,56000,,
13059,,NA,,
13061,199481,1172000,15290,5416000
13063,,NA,,
13065,24154,247000,NA,NA
13069,706241,2378000,63028,23041000
13071,416654,3367000,89679,31325000
13073,,NA,,
13075,147314,1336000,29669,9650000
13077,16011,284000,,
13079,NA,NA,NA,NA
13081,231853,686000,58113,20054000
13083,NA,27000,,
13085,37320,NA,,
13087,2465002,8721000,85561,28925000
13091,362110,1198000,24364,8561000
13093,511023,2202000,134369,47969000
13095,353370,NA,5640,1881000
13097,30200,NA,,
13099,1497446,4770000,57049,19264000
13101,184255,NA,890,NA
13103,178765,NA,12752,4378000
13105,23467,NA,NA,NA
13107,267857,644000,35202,12374000
13109,208397,646000,10264,3560000
13111,47028,NA,,
13113,NA,12000,NA,NA
13115,225170,1334000,NA,NA
13117,3396,NA,,
13119,52050,191000,,
13121,13836,4000,,
13123,57274,224000,,
13129,919304,1520000,NA,NA
13131,1076709,4696000,36123,13444000
13135,NA,NA,,
13137,NA,416000,,
13139,105836,NA,,
13143,2260,414000,,
13145,14141,3000,,
13147,116560,489000,,
13149,NA,NA,,
13153,339038,890000,7111,2387000
13155,1703607,3701000,53137,18473000
13157,,6000,,
13159,NA,17000,,
13161,303763,NA,29612,10307000
13163,1889910,10336000,26061,9674000
13165,512508,1191000,27765,9507000
13167,129010,2940000,5498,1684000
13169,,NA,,
13171,NA,NA,,
13173,160078,1172000,12650,4426000
13175,810130,1274000,17959,6803000
13177,1325218,3498000,28087,10081000
13179,NA,NA,,
13183,25500,NA,,
13185,391456,546000,3753,1280000
13187,20714,339000,,
13189,,NA,NA,NA
13193,858396,8160000,31768,10728000
13195,3920,NA,,
13197,143345,NA,2332,793000
13199,32230,18000,,
13201,1320371,5608000,41405,13891000
13205,2008340,5963000,71196,25216000
13207,NA,NA,,
13209,302450,NA,12282,4376000
13211,NA,NA,3875,1327000
13213,350216,NA,,
13217,NA,125000,NA,NA
13219,880,NA,NA,NA
13221,NA,NA,,
13223,NA,NA,,
13225,NA,NA,4085,1429000
13227,67364,NA,,
13229,532014,2791000,25834,8856000
13231,7961,NA,,
13233,58180,303000,1234,418000
13235,602252,568000,16386,5653000
13237,,NA,NA,NA
13241,17315,25000,,
13243,1227927,7403000,24199,8077000
13245,NA,NA,,
13247,720,NA,,
13249,37377,82000,606,222000
13251,1196292,7491000,60533,21659000
13253,1872410,8988000,52400,17859000
13257,5600,43000,,
13259,8266,NA,1005,343000
13261,1757503,5537000,48920,19695000
13263,NA,NA,,
13267,721002,1251000,13847,4625000
13269,65029,234000,NA,NA
13271,223384,384000,9522,3256000
13273,2236929,8279000,55895,18941000
13275,799005,1938000,66471,22763000
13277,317610,1617000,53056,18124000
13279,614562,3401000,16944,5535000
13281,NA,NA,,
13283,214896,503000,4015,1396000
13287,391580,1700000,41566,14000000
13289,124830,417000,10299,3775000
13291,58080,NA,,
13293,13779,NA,,
13295,551820,NA,,
13297,NA,50000,NA,NA
13299,498090,1346000,9755,3079000
13303,882332,2459000,6283,2010000
13305,372020,721000,9378,3224000
13307,35649,1584000,16571,5908000
13309,271000,NA,3697,1188000
13311,88700,NA,,
13313,70508,NA,,
13315,387504,1081000,41249,14254000
13317,NA,NA,NA,NA
13319,18560,NA,821,286000
13321,1591364,4978000,97886,34426000
15003,NA,NA,,
15007,159828,NA,,
15009,NA,NA,,
16001,1117056,9583000,,
16003,NA,NA,,
16005,,NA,,
16011,478749,4901000,,
16019,NA,3087000,,
16023,,NA,,
16025,NA,NA,,
16027,6155668,28220000,,
16029,,NA,,
16031,181988,19769000,,
16033,,791000,,
16039,1663021,22691000,,
16041,163952,3995000,,
16045,808314,4281000,,
16047,2732903,42780000,,
16051,NA,3065000,,
16053,775295,39177000,,
16063,684221,7094000,,
16065,,1510000,,
16067,367510,7276000,,
16071,NA,NA,,
16073,3994417,18542000,,
16075,1482235,7305000,,
16077,323510,10506000,,
16083,3918365,40859000,,
16087,684377,2451000,,
17001,10513584,109322000,,
17003,1147934,2833000,,
17005,1975813,30462000,,
17007,8829946,33097000,,
17009,2957894,21348000,,
17011,38283552,184478000,,
17013,1843107,11159000,,
17015,22809394,105802000,,
17017,10120920,58154000,,
17019,33763949,197251000,,
17021,23137650,139496000,,
17023,5605771,60560000,,
17025,1935184,28965000,,
17027,3850537,45670000,,
17029,10374981,66764000,,
17031,375456,1204000,,
17033,3150606,49993000,,
17035,2187911,34080000,,
17037,37819783,145483000,,
17039,12125923,58168000,,
17041,11948683,83782000,,
17043,NA,NA,,
17045,15193645,98126000,,
17047,1434343,22953000,,
17049,3567582,62272000,,
17051,3393927,65254000,,
17053,12213295,88364000,,
17055,1404297,19852000,,
17057,15789335,97537000,,
17059,8012622,47781000,,
17061,12712913,77639000,,
17063,11077737,75289000,,
17065,2361879,36552000,,
17067,19869026,126180000,,
17069,NA,NA,,
17071,13117594,66255000,,
17073,33869144,169593000,,
17075,41728610,200401000,,
17077,1945566,17333000,,
17079,3055106,49686000,,
17081,1601402,20120000,,
17083,5667505,43665000,,
17085,9172125,66817000,,
17087,290329,NA,,
17089,12544144,47662000,,
17091,21750022,103194000,,
17093,7416666,47315000,,
17095,24658112,137753000,,
17097,898279,4466000,,
17099,45464941,199408000,,
17101,4551239,54454000,,
17103,37181227,164205000,,
17105,26667394,191818000,,
17107,21142566,125921000,,
17109,18304382,102246000,,
17111,14974712,55653000,,
17113,38000422,204828000,,
17115,18822679,91843000,,
17117,18424188,106599000,,
17119,6776711,69759000,,
17121,1662497,31738000,,
17123,13417985,71712000,,
17125,15077469,87057000,,
17127,1921543,13540000,,
17129,7191201,48132000,,
17131,19355596,97274000,,
17133,4594551,23202000,,
17135,13989272,123359000,,
17137,16872137,87021000,,
17139,12308839,78559000,,
17141,29688868,141537000,,
17143,15685574,75479000,,
17145,1017096,18069000,,
17147,17085706,86722000,,
17149,13834019,98899000,,
17151,571727,2531000,,
17153,1683040,11615000,,
17155,4092093,16020000,,
17157,3541938,27195000,,
17159,2027918,31945000,,
17161,9461717,48722000,,
17163,5970350,50309000,,
17165,2176373,26844000,,
17167,36678628,185437000,,
17169,4677405,40939000,,
17171,7046235,36956000,,
17173,12685216,95277000,,
17175,12501974,67362000,,
17177,20264297,105596000,,
17179,21650072,102411000,,
17181,1175306,8697000,,
17183,21889899,141955000,,
17185,2215317,24995000,,
17187,25225515,125301000,,
17189,2914588,52895000,,
17191,5107981,62068000,,
17193,8268859,57753000,,
17195,38419195,154745000,,
17197,11738490,56828000,,
17199,642381,9757000,,
17201,8551452,48778000,,
17203,17902222,89669000,,
18001,7828976,42391000,,
18003,10087394,49947000,,
18005,6208834,38122000,,
18007,16289238,88141000,,
18009,3889154,21999000,,
18011,10159851,61628000,,
18013,85991,362000,,
18015,13029557,79854000,,
18017,11188561,58073000,,
18019,1291650,12554000,,
18021,3859641,37957000,,
18023,16280516,75523000,,
18025,189695,1170000,,
18027,7418112,62586000,,
18029,591926,1851000,,
18031,6603405,51379000,,
18033,4249282,23759000,,
18035,8392455,35289000,,
18037,3924599,37003000,,
18039,6396325,36125000,,
18041,2477545,19665000,,
18043,220545,2130000,,
18045,10952370,57741000,,
18047,2841691,20149000,,
18049,11180778,70591000,,
18051,9407551,64593000,,
18053,8382095,37439000,,
18055,3836695,36312000,,
18057,7387570,33477000,,
18059,6935630,40830000,,
18061,1559290,16445000,,
18063,6473822,42286000,,
18065,6684944,37826000,,
18067,9607110,39719000,,
18069,8640889,38398000,,
18071,5468916,32110000,,
18073,20666846,90427000,,
18075,6371767,38985000,,
18077,1437178,8804000,,
18079,3310933,16575000,,
18081,4207535,34268000,,
18083,12512430,85682000,,
18085,10659460,68978000,,
18087,5230836,36732000,,
18089,9511847,32886000,,
18091,15376880,77874000,,
18093,969019,11623000,,
18095,11449235,51947000,,
18097,492905,3449000,,
18099,9804882,52446000,,
18101,989625,9425000,,
18103,7536276,39360000,,
18105,554498,2357000,,
18107,13517648,78809000,,
18109,3228200,26925000,,
18111,13636738,56419000,,
18113,7136502,42813000,,
18115,164161,NA,,
18117,840099,20751000,,
18119,1286649,12888000,,
18121,4000534,39492000,,
18123,657665,5441000,,
18125,1863576,12313000,,
18127,9379981,35644000,,
18129,8716484,56766000,,
18131,11511438,66609000,,
18133,4462171,38169000,,
18135,8892932,59155000,,
18137,5434679,22971000,,
18139,7536607,60103000,,
18141,10668630,45618000,,
18143,1857985,NA,,
18145,7339103,61359000,,
18147,4328575,33629000,,
18149,6096610,36309000,,
18151,3105834,24373000,,
18153,4737867,39055000,,
18155,425742,3909000,,
18157,11004957,60823000,,
18159,11036248,49639000,,
18161,2894933,20065000,,
18163,2034920,17971000,,
18165,3964917,31557000,,
18167,3308255,29090000,,
18169,8521522,48072000,,
18171,9316591,57486000,,
18173,2300804,23361000,,
18175,3902061,27243000,,
18177,4443959,32023000,,
18179,10113196,58651000,,
18181,17286107,91377000,,
18183,5211455,37138000,,
19001,10814631,51777000,,
19003,7074308,33595000,,
19005,12073557,44819000,,
19007,1041009,10384000,,
19009,14466732,76975000,,
19011,26601938,129442000,,
19013,19234326,103569000,,
19015,25547788,105278000,,
19017,19372108,94297000,,
19019,29948931,136114000,,
19021,26838986,103858000,,
19023,21411979,118581000,,
19025,23693002,106639000,,
19027,21598518,114423000,,
19029,12959710,62962000,,
19031,23472973,118371000,,
19033,23386015,104114000,,
19035,23418558,90945000,,
19037,19505839,100293000,,
19039,2186797,10163000,,
19041,23649926,93466000,,
19043,25144636,104128000,,
19045,30216046,142508000,,
19047,28702130,144379000,,
19049,18126486,87400000,,
19051,1821443,13237000,,
19053,2151052,16936000,,
19055,28679110,154385000,,
19057,9249043,47673000,,
19059,13086381,49631000,,
19061,16124314,101990000,,
19063,17144234,72651000,,
19065,26405606,111786000,,
19067,19924497,96974000,,
19069,31174310,130272000,,
19071,15756386,69609000,,
19073,22608810,100431000,,
19075,28001030,113755000,,
19077,13952146,72008000,,
19079,28701703,111286000,,
19081,27457463,128455000,,
19083,31555124,134835000,,
19085,25167451,108561000,,
19087,11762917,58826000,,
19089,18432562,89694000,,
19091,17641270,74479000,,
19093,17001399,84657000,,
19095,17680929,84707000,,
19097,12828578,70796000,,
19099,25348860,105866000,,
19101,6100802,39439000,,
19103,16906311,81970000,,
19105,19370962,112831000,,
19107,12248952,65366000,,
19109,52626166,200720000,,
19111,8669721,39874000,,
19113,20524317,101158000,,
19115,10213259,55135000,,
19117,1753857,10377000,,
19119,27904172,119756000,,
19121,7438773,33541000,,
19123,16298811,72804000,,
19125,9070849,41036000,,
19127,24486251,99453000,,
19129,11136995,51968000,,
19131,18570305,102827000,,
19133,20670135,98079000,,
19135,2216765,15600000,,
19137,12377347,53729000,,
19139,13310211,60627000,,
19141,23508366,102881000,,
19143,18304649,75603000,,
19145,13717235,73163000,,
19147,31847722,120941000,,
19149,23767432,145640000,,
19151,28486444,101699000,,
19153,13729963,53007000,,
19155,30929764,150644000,,
19157,21041755,88264000,,
19159,3060553,22478000,,
19161,23175518,106946000,,
19163,17005085,81474000,,
19165,26620148,116318000,,
19167,31479639,170557000,,
19169,24978255,104794000,,
19171,28079377,116075000,,
19173,6438443,43153000,,
19175,4139482,26997000,,
19177,5026363,20745000,,
19179,5517794,31829000,,
19181,7781765,32381000,,
19183,17432181,81581000,,
19185,3100256,22444000,,
19187,33221339,131160000,,
19189,19772568,83148000,,
19191,21137630,99857000,,
19193,24180874,116683000,,
19195,16978056,76685000,,
19197,28861075,117722000,,
20001,867126,8154000,,
20003,1665802,26086000,,
20005,3071328,31536000,,
20007,637456,4356000,18699,6049000
20009,3092004,14396000,,
20011,468599,5373000,,
20013,10089808,53694000,,
20015,4745539,33247000,NA,NA
20017,274335,4147000,,
20019,173914,779000,,
20021,2299327,29808000,,
20023,5087097,31843000,,
20025,113628,NA,,
20027,3388841,22559000,,
20029,1987876,15905000,,
20031,806636,12543000,,
20033,261608,NA,,
20035,882432,7001000,17036,5377000
20037,2333465,23304000,,
20039,2546745,27422000,,
20041,772554,10408000,,
20043,7202956,41545000,,
20045,1403449,17805000,,
20047,11588783,29094000,NA,NA
20049,131297,2340000,,
20051,92217,1785000,,
20053,63283,2113000,,
20055,12919007,77962000,,
20057,5545273,30558000,NA,NA
20059,1512549,20914000,,
20061,626864,6127000,,
20063,3071836,35528000,,
20065,1261744,18801000,,
20067,7012541,50434000,420,126000
20069,10132102,53241000,,
20071,2053923,23497000,,
20073,707278,2938000,,
20075,951805,8275000,NA,NA
20077,243832,705000,15893,4345000
20079,5145899,24634000,3564,1165000
20081,9693799,63645000,NA,NA
20083,1706069,10049000,,
20085,1127599,16038000,,
20087,1777739,17774000,,
20089,2898961,22794000,,
20091,365343,NA,,
20093,3573212,30376000,,
20095,1481630,4883000,8698,2645000
20097,3700336,15291000,6159,1962000
20099,1904660,19734000,,
20101,640328,NA,,
20103,895363,9375000,,
20105,98457,NA,,
20107,803556,6858000,,
20109,2388433,27393000,,
20111,764437,14539000,,
20113,3964928,19480000,,
20115,1900189,17021000,NA,NA
20117,6247692,41454000,,
20119,16939215,46812000,,
20121,1357992,18992000,,
20123,1119417,9820000,,
20125,2153984,15111000,,
20127,734649,7229000,,
20129,3946746,16862000,1992,643000
20131,5722292,31908000,,
20133,1781053,16529000,,
20135,187076,5327000,,
20137,2856832,42057000,,
20139,1121960,19484000,,
20141,438498,8493000,,
20143,359809,6410000,,
20145,4703780,24955000,NA,NA
20147,1117567,25967000,,
20149,3853974,17839000,,
20151,7560285,25357000,34746,11336000
20153,2773916,33543000,,
20155,3280856,16376000,3080,1043000
20157,6976030,40720000,,
20159,2763501,18327000,NA,NA
20161,941600,6444000,,
20163,363805,3998000,15,5000
20165,904119,6056000,,
20167,165003,1609000,,
20169,206779,2332000,,
20171,2398815,38569000,,
20173,4024155,18255000,2877,910000
20175,8484413,44158000,5153,1677000
20177,2997015,15520000,,
20179,9285105,62630000,,
20181,10933843,62840000,,
20183,1188374,29411000,,
20185,6101542,28297000,,
20187,6119025,41095000,,
20189,15881767,75942000,22072,7300000
20191,1867648,16540000,40920,12659000
20193,11598713,94459000,,
20195,541016,4785000,,
20197,1145794,10110000,,
20199,5095386,33356000,,
20201,3972563,31649000,,
20203,4018491,40255000,,
20205,2523731,14427000,,
20207,1222175,8298000,,
20209,148125,1599000,,
21001,521021,NA,,
21003,162110,2344000,,
21005,109516,379000,,
21007,1575179,14890000,,
21009,1490128,12658000,,
21011,223022,NA,,
21013,831,19000,,
21015,134357,NA,,
21017,398132,2692000,,
21019,18570,37000,,
21021,178190,1705000,,
21023,94441,518000,,
21025,7428,30000,,
21027,1408564,10650000,,
21029,193252,NA,,
21031,1767279,12750000,,
21033,1612332,18029000,,
21035,1848444,16152000,,
21037,47779,290000,,
21039,2115613,17496000,,
21041,96431,NA,,
21043,118322,62000,,
21045,757790,4986000,,
21047,6294779,57437000,,
21049,273942,2786000,,
21051,73183,187000,,
21053,70285,NA,,
21055,1117475,13323000,,
21057,128987,1311000,,
21059,7887559,47590000,,
21061,199469,1529000,,
21063,24794,38000,,
21065,73145,271000,,
21067,182577,924000,,
21069,287328,1393000,,
21071,11485,NA,,
21073,188204,440000,,
21075,1756288,15256000,,
21077,55440,856000,,
21079,101073,1074000,,
21081,35984,298000,,
21083,4344831,39490000,,
21085,952611,6313000,,
21087,892507,6129000,,
21089,33718,NA,,
21091,635309,NA,,
21093,1871784,15503000,,
21097,351401,3311000,,
21099,158082,1600000,,
21101,5630375,38766000,,
21103,434737,NA,,
21105,4091366,27230000,,
21107,1921536,15097000,,
21109,38105,45000,,
21111,126848,NA,,
21113,73808,NA,,
21115,13620,NA,,
21117,25966,98000,,
21121,53093,NA,,
21123,1375394,11683000,,
21125,125165,NA,,
21127,2353,NA,,
21129,4347,56000,,
21133,NA,NA,,
21135,187050,927000,,
21137,633576,5178000,,
21139,491178,4882000,,
21141,4640528,41565000,,
21143,191919,NA,,
21145,644511,6508000,,
21149,4236049,24409000,,
21151,146083,1387000,,
21153,6798,NA,,
21155,809143,8138000,,
21157,615925,3890000,,
21161,610947,4506000,,
21163,974855,9574000,,
21165,36500,22000,,
21167,174997,3344000,,
21169,172462,3012000,,
21171,323338,5181000,,
21173,244381,1117000,,
21175,41194,NA,,
21177,1138516,7789000,,
21179,1533586,15643000,,
21181,84967,1060000,,
21183,2947317,16821000,,
21185,275550,1247000,,
21187,110575,658000,,
21189,12299,46000,,
21191,130454,121000,,
21193,3425,NA,,
21195,8200,NA,,
21197,47294,679000,,
21199,1167179,6375000,,
21201,59520,NA,,
21203,278474,622000,,
21205,89525,NA,,
21207,146427,1397000,,
21209,197528,3263000,,
21211,2376594,12018000,,
21213,1784297,21629000,,
21215,338881,NA,,
21217,558589,8072000,,
21219,3843750,29066000,,
21221,1561101,15082000,,
21223,99878,NA,,
21225,7427713,54570000,,
21227,2506122,24250000,,
21229,345515,2239000,,
21231,506152,3063000,,
21233,3040556,25250000,,
21235,54637,545000,,
21237,20556,26000,,
21239,218194,1297000,,
22003,NA,NA,,
22009,1518450,11179000,7194,2408000
22011,164300,877000,,
22015,539087,919000,6194,2027000
22017,3139308,13528000,37525,12804000
22019,,429000,,
22021,440196,3293000,3662,1159000
22025,3406636,17727000,38887,12274000
22027,36440,676000,,
22029,4466986,11010000,30437,10094000
22031,NA,NA,NA,NA
22033,9170,NA,,
22035,11306826,26753000,23673,7476000
22037,88500,NA,,
22039,169587,NA,,
22041,11521725,51557000,18127,5849000
22043,105528,NA,6998,1910000
22045,,NA,,
22047,,NA,,
22053,,NA,,
22055,NA,383000,,
22063,,NA,,
22065,12794967,33475000,43202,13856000
22067,14110714,45888000,29153,10021000
22069,1704471,NA,8900,2997000
22073,952177,9696000,9876,3314000
22077,1847357,6664000,2267,754000
22079,1537344,6619000,13790,4405000
22081,612400,NA,NA,NA
22083,8405590,23742000,48812,15978000
22085,,NA,,
22091,,NA,,
22097,1162515,6062000,NA,NA
22099,NA,NA,,
22105,,301000,,
22107,7407193,27722000,80898,25625000
22115,NA,NA,,
22117,33531,NA,,
22121,,NA,,
22123,3685157,20744000,2520,810000
22125,640000,NA,NA,NA
23001,NA,1085000,,
23003,40728,635000,,
23005,NA,NA,,
23007,NA,NA,,
23009,,NA,,
23011,112467,212000,,
23013,,NA,,
23015,NA,NA,,
23017,NA,NA,,
23019,NA,2689000,,
23021,NA,NA,,
23023,NA,103000,,
23025,113948,645000,,
23027,NA,418000,,
23031,24411,NA,,
24001,66881,430000,,
24003,382992,1722000,,
24005,2411915,12576000,,
24009,499318,1561000,,
24011,3864817,23458000,,
24013,4111535,22043000,,
24015,2157175,10794000,,
24017,468899,2282000,,
24019,3650397,16482000,,
24021,3982802,19651000,,
24023,774297,4507000,,
24025,1855123,11578000,,
24027,948624,3184000,,
24029,4497782,26196000,,
24031,1515708,8001000,,
24033,391324,1856000,,
24035,4891585,37759000,,
24037,532563,4989000,,
24039,1283936,8755000,,
24041,3588039,17382000,,
24043,2502376,12027000,,
24045,2176410,15018000,,
24047,3560469,18595000,,
25003,NA,877000,,
25005,2556,NA,,
25007,NA,NA,,
25009,NA,345000,,
25011,NA,841000,,
25013,NA,268000,,
25015,229266,818000,,
25017,26887,NA,,
25023,908,NA,,
25027,11584,934000,,
26001,274343,1273000,,
26003,NA,51000,,
26005,11400265,42376000,,
26007,557114,1989000,,
26009,303313,881000,,
26011,1902046,8933000,,
26013,2004,230000,,
26015,3655509,20807000,,
26017,9733297,32409000,,
26019,65303,644000,,
26021,6185013,26651000,,
26023,10449642,55109000,,
26025,6305188,33520000,,
26027,13379045,47635000,,
26029,262601,1089000,,
26031,76402,206000,,
26033,NA,NA,,
26035,435810,1400000,,
26037,9107622,28263000,,
26039,2710,NA,,
26041,282164,436000,,
26043,87832,63000,,
26045,7537074,30297000,,
26047,72596,343000,,
26049,3927755,15196000,,
26051,859458,2850000,,
26053,4960,NA,,
26055,625989,2070000,,
26057,14776349,49024000,,
26059,7702360,37389000,,
26061,29257,165000,,
26063,15216015,72878000,,
26065,7921014,27966000,,
26067,10946684,41125000,,
26069,536635,1613000,,
26071,,64000,,
26073,5000529,18449000,,
26075,4266920,19411000,,
26077,6960015,34425000,,
26079,74384,81000,,
26081,5019272,23889000,,
26085,223861,355000,,
26087,5625112,20837000,,
26089,117341,975000,,
26091,9320607,70772000,,
26093,2163494,8718000,,
26097,2493,NA,,
26099,2391540,8367000,,
26101,250026,3065000,,
26103,NA,76000,,
26105,1760157,8508000,,
26107,3376384,10570000,,
26109,740475,1537000,,
26111,3857074,9135000,,
26113,1131202,6710000,,
26115,7831986,37342000,,
26117,8521972,35489000,,
26119,162292,248000,,
26121,1231392,5363000,,
26123,2931947,12318000,,
26125,473807,1330000,,
26127,2613894,8749000,,
26129,1170943,4052000,,
26133,912392,3352000,,
26135,53306,246000,,
26137,98137,347000,,
26139,5213936,25919000,,
26141,657434,2797000,,
26145,15163372,54157000,,
26147,5765907,14372000,,
26149,14796293,70408000,,
26151,15659567,60170000,,
26153,NA,NA,,
26155,8058367,21973000,,
26157,13874115,52757000,,
26159,7603896,23885000,,
26161,3485635,21676000,,
26163,253731,NA,,
26165,295555,2633000,,
27001,207706,NA,,
27003,1740785,5206000,,
27005,10498515,31147000,,
27007,324877,1128000,,
27009,7677034,27187000,,
27011,13891117,52713000,,
27013,29441207,111683000,,
27015,24108561,93778000,,
27017,61555,290000,,
27019,10450283,39953000,,
27021,637424,NA,,
27023,26808988,94306000,,
27025,3555546,16773000,,
27027,23871230,80227000,,
27029,451843,2546000,,
27033,25050469,111235000,,
27035,1261259,3284000,,
27037,17333439,66855000,,
27039,21634804,84583000,,
27041,8870004,34119000,,
27043,35392562,130812000,,
27045,26296445,88391000,,
27047,31503419,126573000,,
27049,30822730,102641000,,
27051,18562884,72313000,,
27053,3257957,6558000,,
27055,8636270,26407000,,
27057,1881985,6360000,,
27059,5719624,18498000,,
27061,150680,303000,,
27063,27040687,101946000,,
27065,1941804,9285000,,
27067,29874961,103768000,,
27069,1630328,7624000,,
27071,290100,NA,,
27073,26551508,94740000,,
27077,NA,NA,,
27079,15077166,61149000,,
27081,15478412,63461000,,
27083,28543279,105390000,,
27085,20489236,74477000,,
27087,7894933,23785000,,
27089,4699626,24228000,,
27091,38049627,165896000,,
27093,20087845,63949000,,
27095,3334767,12187000,,
27097,12577381,37762000,,
27099,36769528,141756000,,
27101,23013303,103703000,,
27103,21234990,82067000,,
27105,25121379,117691000,,
27107,12190271,46751000,,
27109,19704131,71553000,,
27111,28699626,91321000,,
27113,639109,3946000,,
27115,2269680,4568000,,
27117,12581959,55774000,,
27119,14439611,40643000,,
27121,19184996,69055000,,
27123,NA,NA,,
27125,1431664,9112000,,
27127,38765405,144965000,,
27129,47029840,174206000,,
27131,16279839,55157000,,
27133,20608378,83764000,,
27135,1896276,5011000,,
27137,7880,NA,,
27139,7476829,22771000,,
27141,4775248,16755000,,
27143,28312427,106159000,,
27145,32318325,98573000,,
27147,20635175,80522000,,
27149,26930683,72811000,,
27151,28022935,90504000,,
27153,9905166,26325000,,
27155,24873843,83472000,,
27157,14193401,44178000,,
27159,1964635,8209000,,
27161,19510614,77004000,,
27163,3914610,14338000,,
27165,20342813,86527000,,
27167,16897195,65103000,,
27169,13314955,40872000,,
27171,13799479,46081000,,
27173,25010505,95519000,,
28001,NA,NA,4449,1486000
28003,744149,NA,6744,2216000
28005,NA,NA,,
28007,190588,685000,NA,NA
28009,390525,NA,NA,NA
28011,10835690,17557000,32760,11079000
28013,741242,4392000,22688,7270000
28015,1374294,NA,45719,15379000
28017,898851,3974000,3508,1184000
28019,,526000,NA,NA
28021,491180,1482000,6451,2148000
28023,935,17000,,
28025,320459,949000,NA,NA
28027,6730228,14706000,189810,62168000
28029,36420,NA,NA,NA
28031,NA,NA,NA,NA
28033,505687,3245000,16799,5590000
28035,NA,23000,NA,NA
28037,116600,250000,,
28039,51070,NA,4723,1562000
28041,34799,99000,,
28043,NA,NA,NA,NA
28047,NA,14000,,
28049,964149,4648000,7847,2671000
28051,5307375,12834000,97233,32919000
28053,5267389,13240000,52433,17253000
28055,3114236,NA,16371,5691000
28057,248933,301000,4922,1698000
28059,30704,NA,NA,NA
28061,7640,40000,,
28063,309211,NA,NA,NA
28065,2182,NA,,
28067,48888,NA,,
28069,NA,27000,,
28071,147709,756000,7207,2445000
28073,20718,NA,,
28075,6110,NA,,
28077,NA,NA,,
28079,NA,NA,2992,1002000
28081,632866,1653000,13151,4338000
28083,12656443,31783000,95953,31106000
28085,,NA,,
28087,1615350,6013000,28314,9632000
28089,1556957,5414000,10534,3477000
28091,2343,375000,,
28093,591767,2365000,5111,1664000
28095,1778247,5435000,13920,4752000
28097,463400,1775000,10486,3407000
28099,NA,NA,,
28101,142990,NA,,
28103,5038859,18874000,56526,19744000
28105,NA,NA,NA,NA
28107,2112322,3971000,59538,19738000
28109,4246,22000,,
28111,NA,NA,NA,NA
28113,NA,21000,,
28115,376192,NA,1606,NA
28117,52200,NA,5708,1931000
28119,2086070,5487000,52148,16803000
28121,166214,409000,3788,1247000
28123,53884,581000,1884,631000
28125,7597395,16037000,31173,9837000
28127,276504,1398000,,
28129,132782,NA,NA,NA
28131,3665,45000,NA,NA
28133,11976664,25589000,47918,NA
28135,8154642,24760000,106192,35722000
28137,887090,3052000,10738,3489000
28139,353548,1038000,6630,2221000
28141,177250,NA,19470,5273000
28143,3800222,6797000,77328,NA
28145,260872,NA,NA,NA
28147,7125,529000,,
28149,1764833,1973000,20086,6611000
28151,12695196,35665000,46728,15082000
28153,23620,NA,,
28155,350864,1536000,13143,3806000
28157,NA,NA,,
28159,131329,NA,NA,NA
28161,312172,NA,11325,3464000
28163,9911629,33119000,64304,21554000
29001,483827,9962000,,
29003,3353509,29582000,,
29005,13811962,73510000,,
29007,3816099,64664000,,
29009,302493,5549000,,
29011,3404539,30803000,,
29013,3074089,39546000,,
29015,328804,6031000,,
29017,525806,4665000,,
29019,1383082,15908000,,
29021,4996290,29231000,,
29023,3604861,13654000,,
29025,767775,14894000,,
29027,1473428,17354000,,
29029,NA,NA,,
29031,2673750,25057000,,
29033,7454019,56999000,,
29037,1944944,23450000,,
29039,278322,1147000,,
29041,5209695,41319000,,
29043,NA,85000,,
29045,3473664,41782000,,
29047,997185,7740000,,
29049,2268812,27766000,,
29051,362567,2979000,,
29053,2073324,25336000,,
29055,24530,690000,,
29057,988991,8969000,,
29059,4155,722000,,
29061,1689713,18053000,,
29063,2041956,18623000,,
29065,NA,42000,,
29067,NA,NA,,
29069,3300507,14465000,239706,70732000
29071,1248253,6959000,,
29073,254574,4189000,,
29075,1852296,14606000,,
29077,85115,910000,,
29079,1123675,16766000,,
29081,3219967,30534000,,
29083,677988,15805000,,
29085,45078,1061000,,
29087,7808083,58990000,,
29089,2123518,18551000,,
29091,10527,NA,,
29093,,NA,,
29095,1142524,11064000,,
29097,1085912,16125000,,
29099,187924,1269000,,
29101,1979234,25367000,,
29103,1521616,22737000,,
29105,252726,1141000,,
29107,7304876,67705000,,
29109,463779,3848000,,
29111,3166488,30439000,,
29113,1857398,20309000,,
29115,1565823,14459000,,
29117,1632822,22588000,,
29119,40213,527000,,
29121,1006312,27604000,,
29123,3472,NA,,
29125,76257,884000,,
29127,4152991,36714000,,
29129,944893,9643000,,
29131,70798,758000,,
29133,8957086,32381000,,
29135,451601,7448000,,
29137,2235087,32381000,,
29139,2006328,24242000,,
29141,250363,5040000,,
29143,9808820,38099000,209075,62784000
29145,977526,2703000,,
29147,8469528,64207000,,
29151,837041,6262000,,
29155,4448064,12217000,82035,27569000
29157,1627521,12544000,,
29159,2262630,33293000,,
29161,21217,NA,,
29163,3244651,35994000,,
29165,2355240,22778000,,
29167,74522,2401000,,
29169,40314,NA,,
29171,621460,7593000,,
29173,2053152,31891000,,
29175,635490,14106000,,
29177,3209665,27098000,,
29181,313406,NA,,
29183,3522360,19783000,,
29185,372204,7253000,,
29186,887880,5731000,,
29187,79736,403000,,
29189,307654,926000,,
29195,11701586,96644000,,
29197,503815,5532000,,
29199,1990003,24607000,,
29201,8849308,36787000,17067,3782000
29205,1965766,26350000,,
29207,12050883,43361000,187949,61722000
29209,142496,279000,,
29211,810299,8247000,,
29213,NA,NA,,
29215,20498,518000,,
29217,3247565,29900000,,
29219,1047026,10935000,,
29221,NA,34000,,
29223,46200,2800000,,
29225,25060,1179000,,
29227,798568,NA,,
29229,6816,272000,,
30001,,NA,,
30003,353261,2612000,,
30005,17750,288000,,
30007,,NA,,
30009,490678,8354000,,
30011,NA,460000,,
30015,83585,337000,,
30017,508454,5550000,,
30019,NA,82000,,
30021,317686,1337000,,
30025,96010,1434000,,
30027,NA,NA,,
30029,NA,NA,,
30031,,NA,,
30033,20426,213000,,
30037,NA,NA,,
30039,,NA,,
30041,NA,NA,,
30043,,NA,,
30045,,NA,,
30047,126850,1046000,,
30049,NA,NA,,
30051,,NA,,
30055,83840,684000,,
30057,,NA,,
30063,,NA,,
30065,NA,773000,,
30067,,NA,,
30069,NA,284000,,
30071,64720,230000,,
30073,NA,802000,,
30075,,NA,,
30079,138704,2229000,,
30081,12984,336000,,
30083,707106,4262000,,
30085,49970,302000,,
30087,458193,1905000,,
30089,NA,NA,,
30091,132810,NA,,
30095,160470,1817000,,
30103,413706,7757000,,
30105,195350,1171000,,
30107,NA,NA,,
30109,42061,135000,,
30111,925864,7788000,,
31001,30483515,113534000,,
31003,28343453,108598000,,
31005,731311,NA,,
31007,1031364,7432000,,
31009,356582,1483000,,
31011,22377218,101081000,,
31013,8759886,38657000,,
31015,1087708,21433000,,
31017,4345453,16142000,,
31019,34718498,117930000,,
31021,14992221,84006000,,
31023,18905086,92286000,,
31025,12047078,82119000,,
31027,17307388,113827000,,
31029,24875993,103208000,,
31031,5214813,14484000,,
31033,4953382,19361000,,
31035,25411112,106347000,,
31037,11072864,71744000,,
31039,12662079,103039000,,
31041,35567025,137373000,,
31043,7438489,46233000,,
31045,864463,5730000,,
31047,32718282,120091000,,
31049,2554325,20461000,,
31051,6724838,57549000,,
31053,19969493,99673000,,
31055,4265616,20020000,,
31057,12683264,40841000,,
31059,29948726,116865000,,
31061,11674498,55354000,,
31063,6616300,40713000,,
31065,9001254,67453000,,
31067,15033856,93059000,,
31069,3291520,18997000,,
31071,2140111,7507000,,
31073,12896553,50106000,,
31077,10257724,44517000,,
31079,34249154,140236000,,
31081,34678560,137913000,,
31083,13247036,59370000,,
31085,7653174,38456000,,
31087,2915946,25912000,,
31089,33211151,118847000,,
31091,,NA,,
31093,13186780,57300000,,
31095,13083064,62402000,,
31097,3717106,27917000,,
31099,26745156,101255000,,
31101,14069787,48880000,,
31103,2594258,10632000,,
31105,2319167,10398000,,
31107,9336549,62740000,,
31109,12905739,77533000,,
31111,30995473,121372000,,
31113,3081790,7096000,,
31115,552958,NA,,
31117,330660,1672000,,
31119,14399309,91083000,,
31121,17971471,70115000,,
31123,10803043,43938000,,
31125,7384287,45917000,,
31127,7903146,58107000,,
31129,15021489,69803000,,
31131,11131722,78736000,,
31133,4128138,28471000,,
31135,22673105,103942000,,
31137,30509372,117091000,,
31139,15904085,76977000,,
31141,24904119,112994000,,
31143,17395817,79619000,,
31145,6656930,45343000,,
31147,10041640,64784000,,
31149,3563275,12358000,,
31151,19136024,86597000,,
31153,4278624,24698000,,
31155,21099076,128563000,,
31157,12198777,42754000,,
31159,18867502,89076000,,
31161,4927216,27270000,,
31163,9422186,52921000,,
31165,2323374,9422000,,
31167,5055934,52956000,,
31169,21098839,77748000,,
31171,238557,NA,,
31173,8646785,57103000,,
31175,10207594,47744000,,
31177,8949375,58939000,,
31179,8821373,76108000,,
31181,8799974,43217000,,
31183,4444482,14499000,,
31185,37406032,139980000,,
32001,94909,4437000,,
32003,NA,30000,,
32005,,2000,,
32009,NA,NA,,
32013,NA,494000,,
32017,68041,1112000,,
32019,NA,857000,,
32027,170565,3161000,,
32033,NA,NA,,
33001,,NA,,
33003,NA,33000,,
33005,NA,NA,,
33007,1800,NA,,
33009,25732,594000,,
33011,NA,160000,,
33013,NA,NA,,
33015,,NA,,
33017,2331,NA,,
33019,NA,511000,,
34001,55104,509000,,
34003,,8000,,
34005,890775,2695000,,
34007,4112,NA,,
34009,6545,75000,,
34011,880377,4132000,,
34015,312380,3009000,,
34019,924750,6216000,,
34021,330318,1214000,,
34023,345971,1575000,,
34025,243441,1029000,,
34027,40745,327000,,
34029,13218,NA,,
34033,3004780,12250000,,
34035,237916,609000,,
34037,313031,1616000,,
34041,2301214,9947000,,
35001,,NA,,
35005,NA,9516000,6945,NA
35007,,NA,,
35009,NA,9143000,13661,4254000
35013,400,2324000,29989,14423000
35015,,3425000,9720,3152000
35017,NA,154000,,
35023,NA,NA,NA,NA
35025,214200,3140000,33628,10810000
35029,NA,1380000,9026,3763000
35033,NA,NA,,
35037,,NA,NA,1417000
35041,NA,10151000,10827,3239000
35045,NA,NA,,
35049,102,6088000,,
35051,120,1605000,NA,NA
35053,40928,734000,,
35055,99,NA,,
35057,NA,2866000,,
35059,1839469,6453000,,
35061,1348,NA,,
36001,415489,1065000,,
36003,1202983,6110000,,
36007,282885,889000,,
36009,1184702,4736000,,
36011,5819445,23218000,,
36013,1771515,9675000,,
36015,410032,4010000,,
36017,776215,5087000,,
36019,1782460,NA,,
36021,1060501,6676000,,
36023,738694,3790000,,
36025,119254,2238000,,
36027,903560,3407000,,
36029,1511054,7824000,,
36031,NA,355000,,
36033,1087782,2748000,,
36035,93488,692000,,
36037,4053170,18319000,,
36039,92914,446000,,
36043,876417,3675000,,
36045,2295243,11331000,,
36049,960129,6700000,,
36051,6053038,25215000,,
36053,2156143,9014000,,
36055,3856715,14151000,,
36057,1181209,5547000,,
36059,,NA,,
36063,3678679,16125000,,
36065,3100520,8888000,,
36067,2643157,12212000,,
36069,4249517,18699000,,
36071,398052,1707000,,
36073,6478925,22540000,,
36075,487467,1294000,,
36077,1155363,3753000,,
36079,,NA,,
36083,1644303,4173000,,
36089,1621764,12594000,,
36091,723741,3088000,,
36093,NA,40000,,
36095,830383,3569000,,
36097,666998,2867000,,
36099,3650744,17595000,,
36101,3713359,23905000,,
36103,193907,702000,,
36105,NA,161000,,
36107,517834,3440000,,
36109,972075,3247000,,
36111,167749,830000,,
36113,NA,NA,,
36115,755168,7217000,,
36117,4337125,14380000,,
36119,NA,4000,,
36121,3082296,22606000,,
36123,1826986,8477000,,
37001,178908,1851000,,
37003,100025,870000,,
37005,NA,669000,,
37007,483511,3424000,1588,573000
37009,6276,90000,,
37011,5363,NA,,
37013,5505706,26479000,20494,6932000
37015,1141492,6769000,42236,13646000
37017,1892406,11188000,1468,NA
37019,1004935,4678000,NA,NA
37021,30399,620000,,
37023,173987,1555000,,
37025,416421,2521000,NA,NA
37027,143985,543000,,
37029,2651672,11921000,NA,NA
37031,NA,NA,NA,NA
37033,40561,851000,,
37035,438630,3287000,,
37037,149761,887000,,
37039,100389,180000,,
37041,838115,2786000,20050,6821000
37043,NA,NA,,
37045,319767,2269000,NA,NA
37047,3484072,18162000,2093,749000
37049,1728958,12572000,5199,1768000
37051,973083,4011000,5380,1724000
37053,2007046,7909000,,
37055,NA,NA,,
37057,505673,2136000,,
37059,571969,4554000,NA,NA
37061,4449307,21515000,11614,3775000
37063,119348,137000,,
37065,1300455,7472000,28603,NA
37067,83760,436000,,
37069,88919,478000,NA,NA
37071,17915,NA,,
37073,512145,2293000,17394,5898000
37075,531,3000,,
37077,66059,1221000,,
37079,591319,5661000,10692,3381000
37081,261802,1538000,,
37083,369942,3915000,93652,30502000
37085,401768,1604000,10946,3330000
37087,10678,570000,,
37089,369219,3009000,,
37091,1032592,4974000,29496,10141000
37093,697223,3874000,9759,3178000
37095,4448789,21624000,19002,NA
37097,1251796,5252000,,
37099,20502,NA,,
37101,856842,4771000,9169,3054000
37103,1002690,9105000,25083,8457000
37105,94850,689000,,
37107,2006365,12888000,13691,4631000
37109,142084,1351000,NA,NA
37111,44580,NA,,
37113,52939,60000,,
37115,6220,222000,,
37117,258413,3297000,69106,21713000
37119,81460,487000,,
37121,3681,NA,,
37123,112597,373000,474,NA
37125,78792,744000,NA,NA
37127,166274,1076000,14828,4809000
37131,516967,4599000,88990,29485000
37133,817675,4611000,4879,1635000
37135,166797,2416000,,
37137,2306045,10609000,,
37139,3000069,10532000,2789,NA
37141,1048549,6555000,NA,NA
37143,1923548,7983000,11945,4184000
37145,255604,1063000,,
37147,1594749,13857000,25711,8355000
37149,3834,11000,,
37151,503386,6729000,NA,NA
37153,433620,1062000,NA,NA
37155,7417832,34980000,20943,6203000
37157,132899,NA,,
37159,1235174,7283000,1207,NA
37161,30126,153000,,
37163,3067472,19386000,19365,6796000
37165,568882,2999000,6650,2336000
37167,1364512,6111000,20598,6858000
37169,142299,1015000,,
37171,1667652,8325000,,
37173,2293,15000,,
37175,58086,NA,,
37177,2732565,13143000,NA,NA
37179,4864330,20060000,4396,1770000
37181,9436,NA,,
37183,88744,385000,NA,NA
37185,19163,295000,NA,NA
37187,3579737,14340000,15523,4660000
37189,5227,19000,,
37191,2260456,12753000,7854,2808000
37193,947040,4798000,,
37195,887381,7275000,17992,5959000
37197,1337743,3844000,,
37199,3264,NA,,
38001,1438595,9047000,,
38003,28363264,88418000,,
38005,8123219,23125000,,
38007,129980,617000,,
38009,2006263,10152000,,
38011,693961,2759000,,
38013,147293,485000,,
38015,5439330,17999000,,
38017,44875312,152723000,,
38019,748097,6316000,,
38021,22539990,82327000,,
38023,150751,779000,,
38025,936778,3637000,,
38027,4120401,12380000,,
38029,8654447,31510000,,
38031,7300813,26973000,,
38033,308665,1787000,,
38035,17925273,49071000,,
38037,4127213,8165000,,
38039,4523159,22871000,,
38041,2672572,5993000,,
38043,3572025,12587000,,
38045,21849217,70442000,,
38047,5157008,13253000,,
38049,3650100,14041000,,
38051,4451533,13491000,,
38053,54510,1141000,,
38055,5694429,23323000,,
38057,1577187,4680000,,
38059,4876839,16417000,,
38061,332630,1951000,,
38063,3703941,14564000,,
38065,1916005,6961000,,
38067,6582397,17750000,,
38069,4169685,5892000,,
38071,6292937,21811000,,
38073,14003515,60538000,,
38075,421202,4848000,,
38077,45168872,165237000,,
38079,287992,3280000,,
38081,19917923,81571000,,
38083,2163643,8840000,,
38085,1087158,6553000,,
38087,341436,1693000,,
38089,1631606,7014000,,
38091,14522693,45164000,,
38093,27128687,90611000,,
38095,1059864,6688000,,
38097,18881244,60724000,,
38099,7804545,21416000,,
38101,1483001,7935000,,
38103,10748456,40311000,,
38105,301553,1583000,,
39001,1219889,5911000,,
39003,7763813,38738000,,
39005,4205540,16838000,,
39007,3860097,9206000,,
39009,198065,1439000,,
39011,7205145,39829000,,
39013,27886,215000,,
39015,2788493,13347000,,
39017,3590967,16483000,,
39019,900222,5477000,,
39021,8948430,47491000,,
39023,9417717,43905000,,
39025,3127442,7986000,,
39027,11888292,45542000,,
39029,2499857,12368000,,
39031,2679722,16224000,,
39033,11810694,55079000,,
39035,,NA,,
39037,12706021,77970000,,
39039,4387147,27057000,,
39041,5669734,21376000,,
39043,3793294,15110000,,
39045,6424902,36861000,,
39047,9539248,49941000,,
39049,1993909,7227000,,
39051,8942007,45924000,,
39053,388017,2745000,,
39055,754819,1667000,,
39057,7139233,41784000,,
39059,308213,3141000,,
39061,263368,1085000,,
39063,10258856,38428000,,
39065,12011733,50950000,,
39067,424234,1919000,,
39069,8101206,44322000,,
39071,6407163,28478000,,
39073,206661,1350000,,
39075,3991874,15161000,,
39077,10788128,36989000,,
39079,151805,841000,,
39081,82397,713000,,
39083,6463635,27601000,,
39085,28340,20000,,
39087,67421,NA,,
39089,7713639,33045000,,
39091,9403920,40835000,,
39093,3820349,9765000,,
39095,3088470,14146000,,
39097,12702388,56951000,,
39099,1990899,7010000,,
39101,8194390,34233000,,
39103,2255282,6559000,,
39105,255621,3054000,,
39107,10645884,60376000,,
39109,8113127,42072000,,
39111,72056,579000,,
39113,3407333,24147000,,
39115,317887,2523000,,
39117,6821825,26409000,,
39119,2244619,11079000,,
39121,47271,249000,,
39123,3723430,11475000,,
39125,5108731,27211000,,
39127,2564315,11007000,,
39129,10485660,71114000,,
39131,1507750,9032000,,
39133,2014293,6392000,,
39135,8111623,46077000,,
39137,9767662,48725000,,
39139,5070192,20664000,,
39141,5089268,29609000,,
39143,9144275,37360000,,
39145,745592,4605000,,
39147,11597076,49599000,,
39149,9371919,42128000,,
39151,3898790,13435000,,
39153,199218,1141000,,
39155,3425629,14208000,,
39157,1835407,9300000,,
39159,9968538,37474000,,
39161,8855811,41981000,,
39163,159010,1308000,,
39165,3236122,11691000,,
39167,1104153,6299000,,
39169,8037677,31398000,,
39171,5147672,31871000,,
39173,11869773,45633000,,
39175,10272083,42605000,,
40003,159174,1004000,373,NA
40007,1089829,2594000,5917,1814000
40011,29650,NA,6481,2072000
40013,193798,965000,,
40015,331797,1945000,51545,15112000
40017,240034,NA,3850,1039000
40023,193100,803000,,
40025,3722673,17535000,2676,NA
40027,69948,27000,,
40031,NA,270000,30325,9688000
40033,,234000,7981,2534000
40035,225418,1812000,,
40037,13530,130000,,
40039,42541,851000,15374,3960000
40041,40039,399000,NA,NA
40045,NA,NA,NA,NA
40047,1206644,NA,NA,NA
40049,586203,1784000,,
40051,256619,968000,8580,2728000
40053,541182,NA,6395,1706000
40055,,NA,24222,7888000
40057,NA,237000,72904,24261000
40059,45904,NA,,
40061,,NA,,
40063,19690,NA,,
40065,,NA,253163,84471000
40069,,48000,,
40071,886037,3112000,11648,3842000
40073,162802,NA,NA,NA
40075,8280,208000,48864,16144000
40079,97840,1310000,,
40081,29790,362000,5460,1310000
40083,52198,NA,,
40085,38444,NA,,
40087,147175,1188000,NA,NA
40089,554444,NA,NA,NA
40093,552972,3501000,2138,693000
40095,,4000,,
40097,74374,329000,,
40101,806063,2078000,,
40103,325188,3219000,2504,513000
40105,68290,505000,,
40107,NA,858000,,
40109,174284,222000,8000,1850000
40111,176500,281000,,
40113,NA,665000,,
40115,201534,4461000,,
40117,,NA,,
40119,174804,NA,,
40121,95409,214000,,
40123,15300,34000,,
40125,155123,589000,,
40129,NA,NA,17570,5796000
40131,44910,262000,,
40135,759859,5179000,,
40137,NA,NA,,
40139,14883257,76872000,24536,5453000
40141,103275,NA,214112,65160000
40145,110248,792000,,
40147,NA,NA,,
40153,NA,NA,NA,NA
41001,NA,809000,,
41003,,NA,,
41005,601,395000,,
41009,,NA,,
41011,,NA,,
41019,,NA,,
41021,NA,NA,,
41023,NA,NA,,
41027,,NA,,
41029,7654,20000,,
41031,,NA,,
41033,13576,NA,,
41035,,NA,,
41039,3028,NA,,
41043,NA,NA,,
41045,5103647,25164000,,
41047,45666,2054000,,
41049,1692910,32871000,,
41051,4746,707000,,
41053,NA,1296000,,
41057,,210000,,
41059,3663455,7715000,,
41061,19100,NA,,
41063,NA,NA,,
41067,NA,1045000,,
41069,,NA,,
41071,20718,469000,,
42001,2848285,14421000,,
42003,77514,1210000,,
42005,1666692,8060000,,
42007,470758,1854000,,
42009,2467508,13650000,,
42011,6313080,30684000,,
42013,1843451,7261000,,
42015,1954581,11232000,,
42017,1082972,7888000,,
42019,2091475,9610000,,
42021,1187348,6180000,,
42023,NA,70000,,
42025,194287,830000,,
42027,2451498,11125000,,
42029,4064609,21215000,,
42031,1625193,4746000,,
42033,526250,1624000,,
42035,794910,4382000,,
42037,2617248,11870000,,
42039,3916170,11689000,,
42041,3565557,22623000,,
42043,1809330,11256000,,
42045,7800,NA,,
42047,115438,315000,,
42049,2442647,6422000,,
42051,667265,3222000,,
42053,54233,35000,,
42055,5386684,32473000,,
42057,917389,3849000,,
42059,67095,274000,,
42061,1566805,NA,,
42063,2435582,12346000,,
42065,1261985,3739000,,
42067,1148307,7358000,,
42069,193125,910000,,
42071,15034403,79260000,,
42073,1404854,7351000,,
42075,3283565,17987000,,
42077,2611660,13453000,,
42079,1122841,2884000,,
42081,2176879,9242000,,
42083,54534,141000,,
42085,4597549,13018000,,
42087,1521868,8389000,,
42089,392308,1085000,,
42091,380354,1914000,,
42093,828647,3319000,,
42095,2856615,11480000,,
42097,3603573,20408000,,
42099,1723064,11593000,,
42101,,NA,,
42105,359905,1703000,,
42107,2545518,11865000,,
42109,1664305,12487000,,
42111,2632749,12478000,,
42113,276354,963000,,
42115,125617,1366000,,
42117,1004548,4629000,,
42119,1945328,7983000,,
42121,1261717,2786000,,
42123,337003,1489000,,
42125,331266,1318000,,
42127,34103,971000,,
42129,1898665,13077000,,
42131,460674,1435000,,
42133,9056521,51311000,,
44001,,NA,,
44003,,NA,,
44005,NA,NA,,
44007,,4000,,
44009,NA,166000,,
45001,4500,NA,NA,NA
45003,271248,4712000,6672,2210000
45005,952001,4294000,2656,851000
45007,86375,501000,NA,NA
45009,494462,4068000,13117,4520000
45011,300507,1168000,19699,6424000
45013,63275,496000,,
45015,265639,1434000,408,153000
45017,861767,7695000,54846,18736000
45019,42306,512000,,
45021,255,NA,,
45023,NA,288000,9278,3071000
45025,485311,3882000,1514,500000
45027,3735603,19620000,19973,6960000
45029,602634,2439000,7341,2115000
45031,2979516,11640000,43389,14818000
45033,2102558,10237000,12263,3970000
45035,750110,3524000,10792,3895000
45037,10427,377000,NA,NA
45039,8600,58000,,
45041,2101658,11466000,19299,6845000
45043,177125,667000,1644,565000
45045,25941,175000,,
45047,2400,24000,,
45049,811008,2958000,29479,9423000
45051,2242517,9584000,13105,4344000
45053,12494,188000,NA,NA
45055,260038,674000,,
45057,100725,1459000,,
45059,700,361000,,
45061,2758147,13453000,22748,8215000
45063,921325,4464000,3368,1037000
45065,NA,NA,,
45067,890422,2032000,NA,NA
45069,1117652,7190000,26431,8980000
45071,75630,1411000,NA,NA
45073,55464,151000,,
45075,4215810,21662000,62841,22168000
45077,39975,309000,,
45079,1098292,3997000,3964,1308000
45081,121673,1441000,,
45083,98919,295000,,
45085,2902631,15884000,16216,5547000
45087,NA,NA,,
45089,1512083,10700000,33705,11147000
45091,28353,NA,9581,3124000
46003,4559729,28547000,,
46005,17807493,84135000,,
46007,956237,9550000,,
46009,2435774,35537000,,
46011,15790641,69477000,,
46013,47899190,148140000,,
46015,4922862,17401000,,
46017,1624887,9210000,,
46019,851198,1099000,,
46021,4367275,24025000,,
46023,6168265,44712000,,
46025,14713139,69006000,,
46027,7388071,52046000,,
46029,9770453,40742000,,
46031,2019373,8816000,,
46033,NA,210000,,
46035,3473247,29197000,,
46037,12688902,73620000,,
46039,7874870,33517000,,
46041,898939,4096000,,
46043,2237370,31395000,,
46045,15565508,65651000,,
46047,259808,943000,,
46049,12511643,44242000,,
46051,12503137,63290000,,
46053,1992824,16040000,,
46055,856870,5618000,,
46057,12643191,53082000,,
46059,15805360,55906000,,
46061,5493561,40214000,,
46063,112338,766000,,
46065,3585181,11566000,,
46067,4294478,68897000,,
46069,3350895,13598000,,
46071,132462,1926000,,
46073,5659272,19969000,,
46075,466930,9184000,,
46077,15550322,75473000,,
46079,11714420,54011000,,
46081,NA,38000,,
46083,9957140,64821000,,
46085,2105079,12400000,,
46087,9049099,61851000,,
46089,5549087,26143000,,
46091,14648214,53826000,,
46093,101169,1076000,,
46095,107247,1549000,,
46097,6562519,32551000,,
46099,15455732,77989000,,
46101,15017344,59587000,,
46102,195146,3710000,,
46103,804598,2595000,,
46105,789382,3088000,,
46107,9509527,29275000,,
46109,18715601,79227000,,
46111,6517290,24485000,,
46115,29626070,125577000,,
46117,205032,2776000,,
46119,8665823,38967000,,
46121,663354,2126000,,
46123,4580000,17646000,,
46125,8944272,89105000,,
46127,10412017,74775000,,
46129,6346070,25442000,,
46135,4557232,53795000,,
46137,211689,4124000,,
47001,NA,NA,,
47003,326884,6432000,,
47005,513184,1182000,,
47007,276128,1076000,,
47009,190656,648000,,
47011,34403,550000,,
47013,37100,NA,,
47015,295688,3671000,,
47017,3897836,17843000,51958,15166000
47019,39540,NA,NA,NA
47021,205094,1475000,,
47023,333498,2071000,6157,1999000
47025,75890,NA,,
47027,92768,1226000,,
47029,77893,NA,,
47031,1618291,10512000,,
47033,2625699,12398000,91245,29873000
47035,295451,677000,,
47037,NA,NA,,
47039,134560,242000,,
47041,168466,NA,,
47043,73450,1476000,,
47045,4503757,26098000,56149,15580000
47047,2984637,10397000,86000,29724000
47049,73105,735000,,
47051,1639124,8171000,NA,NA
47053,7121435,36944000,61551,19628000
47055,993370,6627000,NA,NA
47057,51505,234000,,
47059,373934,2098000,,
47061,168788,1504000,,
47063,169275,1029000,,
47065,37915,77000,,
47067,9526,11000,,
47069,821307,2837000,35512,10933000
47071,810227,4295000,NA,NA
47073,103173,705000,,
47075,4797933,15521000,115117,38435000
47077,1295313,4142000,951,332000
47079,3022751,24435000,NA,NA
47081,277878,2561000,,
47083,13280,40000,,
47085,543777,1456000,,
47087,20883,NA,,
47089,136587,923000,,
47091,87715,243000,,
47093,21815,24000,,
47095,2352721,8158000,16387,NA
47097,4093630,9205000,44146,13975000
47099,2221407,17527000,NA,NA
47101,26420,NA,,
47103,1272698,9575000,20490,6794000
47105,233415,1221000,,
47107,55605,1893000,,
47109,868821,4397000,11118,3740000
47111,220735,2825000,NA,NA
47113,3792387,11410000,43620,14112000
47115,265500,1619000,,
47117,112146,3034000,,
47119,309007,5760000,,
47121,54764,420000,,
47123,125614,2454000,,
47125,1311600,8728000,,
47127,59276,NA,,
47129,39315,589000,,
47131,7230512,36706000,NA,NA
47133,142483,NA,,
47135,70595,1372000,,
47137,49278,278000,,
47139,109066,NA,,
47141,90725,473000,,
47143,206858,NA,,
47145,6233,58000,,
47147,2791882,21611000,,
47149,278531,4066000,NA,NA
47151,23885,33000,,
47153,56130,496000,,
47155,22600,98000,,
47157,853732,2093000,19183,6373000
47159,127503,2999000,,
47161,174368,NA,,
47163,37825,NA,,
47165,483643,6014000,,
47167,3292200,18399000,53642,18205000
47169,31600,NA,,
47171,NA,17000,,
47173,4200,8000,,
47175,58500,41000,,
47177,560202,4075000,,
47179,277872,1355000,,
47181,188998,1871000,,
47183,5305571,35113000,NA,NA
47185,179627,1241000,,
47187,127018,1472000,,
47189,54665,NA,,
48001,47125,1180000,NA,NA
48011,85860,1653000,12353,3975000
48013,245467,381000,5517,1790000
48015,378362,2538000,4688,1275000
48017,226263,9025000,118408,33788000
48021,NA,NA,,
48025,287711,3943000,35572,11407000
48027,4161577,24630000,10669,3108000
48029,560423,2540000,2570,687000
48035,19269,1054000,6646,2139000
48037,321778,1893000,NA,NA
48039,1062143,4061000,NA,NA
48041,116580,905000,25489,8219000
48045,,NA,53897,18152000
48049,,NA,4045,1770000
48051,1558782,3681000,20068,6358000
48053,,NA,NA,NA
48055,324561,6048000,9096,2686000
48057,1080956,5892000,30877,9501000
48061,1752701,12631000,135431,43052000
48065,2692300,18236000,143430,44069000
48067,2548,NA,,
48069,13335240,43394000,93083,28106000
48071,NA,NA,,
48073,NA,1000,,
48077,NA,NA,2931,953000
48079,,5719000,189612,52309000
48083,106000,7334000,6513,2170000
48085,2052536,8832000,788,256000
48089,1067369,6413000,NA,NA
48091,10938,85000,,
48093,,3156000,7690,2405000
48095,NA,340000,29619,8940000
48097,103108,1327000,NA,NA
48099,144018,552000,NA,NA
48107,57568,1451000,270513,76076000
48111,17854241,59342000,40764,12338000
48117,3470089,39071000,68084,20146000
48119,637344,4370000,NA,NA
48121,491828,719000,5806,1887000
48123,364501,NA,,
48125,,NA,40752,12143000
48127,NA,NA,NA,NA
48129,355875,1075000,31721,8874000
48133,,NA,NA,NA
48137,,NA,,
48139,2265345,24545000,40985,11963000
48141,NA,NA,33569,15290000
48143,1340,1039000,NA,NA
48145,4289094,28940000,12031,3898000
48147,501269,11302000,5468,1890000
48149,725235,3350000,NA,NA
48151,NA,NA,71013,22073000
48153,1234181,9071000,323467,95192000
48157,1743737,6636000,90437,23867000
48159,106500,NA,NA,NA
48161,9464,NA,NA,NA
48163,1963896,5000000,16549,NA
48165,83100,3495000,312727,96897000
48169,,NA,55443,16124000
48171,176295,708000,,
48173,,314000,162971,44498000
48175,176014,2603000,NA,NA
48177,383321,1242000,NA,NA
48179,1155801,5246000,48145,13169000
48181,1975314,11667000,NA,NA
48185,190396,NA,NA,NA
48187,1178629,7086000,1686,NA
48189,3168995,18073000,365894,105765000
48191,,1040000,140136,41738000
48193,NA,NA,934,NA
48195,9298592,41105000,122438,34864000
48197,,NA,7007,2375000
48199,,2000,,
48201,319943,2118000,NA,NA
48203,NA,NA,NA,NA
48205,15397718,69227000,47016,12782000
48207,29169,NA,86759,25912000
48209,204622,1614000,3335,986000
48211,,NA,NA,NA
48213,,NA,,
48215,3031891,16683000,146612,44034000
48217,4050098,42273000,31676,10117000
48219,NA,5438000,233521,66414000
48223,,NA,1052,NA
48225,188544,NA,NA,NA
48231,199836,4518000,8548,2476000
48233,2704789,8597000,40295,13101000
48239,5955776,35919000,75650,24422000
48241,NA,3000,,
48249,552843,NA,42797,14302000
48251,183781,7668000,3631,1168000
48255,456655,4974000,6166,1998000
48257,343326,3747000,NA,NA
48259,,79000,,
48273,,NA,40798,12253000
48277,2140681,7501000,8426,2727000
48279,5213016,25418000,273568,75213000
48283,218000,NA,,
48285,195384,NA,,
48287,50613,NA,,
48289,,NA,,
48291,NA,NA,,
48293,521032,2710000,5677,1837000
48295,1718377,8021000,NA,NA
48297,81430,NA,2817,926000
48303,95737,5145000,415871,108755000
48305,,2862000,359583,98649000
48307,NA,128000,8332,2864000
48309,4918377,36736000,19722,6585000
48311,,NA,,
48313,NA,NA,NA,NA
48321,1736455,14126000,54073,17009000
48325,3174626,11976000,41141,12068000
48329,,1866000,13565,4306000
48331,2091251,16532000,20936,6380000
48333,,NA,,
48335,,NA,39983,12439000
48339,NA,NA,,
48341,9997387,33235000,69830,20968000
48345,,NA,6495,1890000
48347,NA,NA,,
48349,986433,10335000,40942,13984000
48351,,6000,,
48353,NA,NA,108219,23446000
48355,278142,7999000,289469,97200000
48357,3126764,14631000,85295,28476000
48359,NA,254000,1972,689000
48361,,NA,,
48365,2160,NA,,
48367,,8000,NA,NA
48369,8209678,35881000,101477,31020000
48371,29816,NA,7320,3426000
48373,,5000,,
48375,NA,NA,NA,NA
48381,106872,5341000,15702,3914000
48383,NA,534000,35984,10477000
48387,24200,NA,,
48389,,NA,NA,NA
48391,446321,NA,39714,12522000
48393,403309,NA,NA,NA
48395,1313628,10030000,20767,6344000
48397,NA,2037000,NA,NA
48399,44332,NA,77086,23255000
48401,NA,2000,,
48403,,NA,,
48405,240,NA,,
48407,NA,1000,NA,NA
48409,1335553,7554000,232509,74227000
48413,,NA,8339,2780000
48417,,NA,946,307000
48419,NA,NA,,
48421,12580220,99057000,75466,27771000
48423,380,NA,,
48427,128567,NA,7860,2529000
48437,1153480,NA,189255,52572000
48439,NA,NA,,
48445,,2437000,290740,81191000
48449,,NA,,
48451,110480,1856000,69204,22702000
48453,756065,4040000,1462,NA
48455,,NA,,
48461,,270000,41139,11489000
48463,2564466,9183000,34735,11223000
48467,NA,NA,,
48469,1455015,10453000,37131,11434000
48471,239910,NA,NA,NA
48473,553452,1602000,NA,NA
48477,2922,6000,NA,NA
48481,7757371,30548000,157263,49444000
48483,120335,771000,18910,6297000
48485,12600,161000,24389,6918000
48487,7395,32000,70058,20125000
48489,266617,5302000,117017,38997000
48491,6425663,37761000,46472,13698000
48493,943030,3549000,8379,2663000
48497,NA,6000,NA,NA
48499,,NA,,
48501,,3542000,169701,54466000
48507,579481,4437000,19746,6168000
49001,284404,2406000,,
49003,1533252,9935000,,
49005,311616,4375000,,
49007,NA,NA,,
49011,172717,454000,,
49013,395043,3808000,,
49015,154492,534000,,
49017,,NA,,
49019,,271000,,
49021,,1664000,,
49023,69950,2039000,,
49027,1302505,12640000,,
49029,,262000,,
49031,,NA,,
49033,,NA,,
49035,8814,12000,,
49037,NA,NA,,
49039,,2206000,,
49041,128627,NA,,
49043,,NA,,
49045,64995,NA,,
49047,324827,2276000,,
49049,546656,5339000,,
49051,,NA,,
49053,NA,NA,,
49055,,91000,,
49057,66559,1423000,,
50001,357391,4479000,,
50003,16193,556000,,
50005,NA,554000,,
50007,64444,1431000,,
50009,NA,68000,,
50011,642873,3802000,,
50013,87800,298000,,
50015,30548,NA,,
50017,41734,NA,,
50019,NA,NA,,
50021,111889,1636000,,
50023,300,280000,,
50025,4750,NA,,
50027,23021,NA,,
51001,2145634,13216000,NA,0
51003,277409,NA,,
51005,,92000,,
51007,101211,2221000,,
51009,NA,NA,,
51011,24500,382000,,
51015,1646889,14494000,,
51017,68230,NA,,
51019,54022,1379000,,
51021,9171,329000,,
51023,214365,1072000,,
51025,23200,521000,288,95000
51027,NA,NA,,
51029,42076,667000,,
51031,41713,720000,,
51033,735761,6533000,,
51035,5610,370000,,
51036,1015595,3653000,NA,NA
51037,172774,709000,,
51041,31928,251000,,
51043,391866,1865000,,
51045,25676,NA,,
51047,836036,5145000,,
51049,33389,339000,,
51051,600,NA,,
51053,137288,2983000,3554,1150000
51057,927382,8051000,,
51059,2711,NA,,
51061,1304187,4386000,,
51063,9600,NA,,
51065,95473,NA,,
51067,371151,3711000,,
51069,250574,2537000,,
51071,4701,134000,,
51073,535294,2231000,,
51075,508086,939000,,
51077,NA,581000,,
51079,NA,151000,,
51081,87316,657000,22582,7633000
51083,171974,616000,,
51085,1565383,6085000,,
51087,229338,NA,,
51089,19445,NA,,
51091,NA,NA,,
51093,695258,6300000,28508,NA
51095,NA,NA,,
51097,753559,5898000,,
51099,129126,1958000,,
51101,666929,4680000,,
51103,285779,2609000,,
51105,86234,433000,,
51107,836920,2917000,,
51109,135475,957000,,
51111,16740,NA,,
51113,636429,3623000,,
51115,87060,NA,,
51117,16750,368000,,
51119,550183,2920000,,
51121,130879,1149000,,
51125,NA,332000,,
51127,359783,1527000,,
51131,839486,3706000,NA,NA
51133,1338525,8003000,NA,NA
51135,120595,571000,,
51137,421746,3021000,,
51139,376924,2860000,,
51141,102184,892000,,
51143,192829,976000,,
51145,104313,500000,,
51147,8161,257000,,
51149,404517,2981000,,
51153,99102,631000,,
51155,NA,389000,,
51157,20166,NA,,
51159,400952,4545000,,
51161,,32000,,
51163,250422,1301000,,
51165,2270746,18729000,,
51167,49211,NA,,
51169,24696,333000,,
51171,1048210,6939000,,
51173,108388,NA,,
51175,1262463,9490000,91457,29245000
51177,142048,688000,,
51179,47396,1472000,,
51181,777724,3275000,4175,1268000
51183,497920,4220000,11204,3773000
51185,NA,313000,,
51187,24225,NA,,
51191,34202,1235000,,
51193,537729,5145000,,
51195,3605,NA,,
51197,138586,2182000,,
51550,1064640,3926000,,
51800,820936,6238000,27775,8975000
51810,666008,3851000,,
53001,2282753,7005000,,
53005,3571120,24372000,,
53007,1232,NA,,
53009,,NA,,
53011,NA,NA,,
53013,NA,NA,,
53015,,NA,,
53017,42078,799000,,
53021,4592711,19428000,,
53025,9516688,46497000,,
53027,,2547000,,
53029,NA,NA,,
53033,,535000,,
53037,NA,NA,,
53041,,NA,,
53043,NA,744000,,
53047,NA,1174000,,
53053,213,NA,,
53057,,3128000,,
53061,NA,2325000,,
53063,NA,NA,,
53067,,NA,,
53071,547670,6786000,,
53073,NA,2743000,,
53075,NA,673000,,
53077,2918853,45129000,,
54001,5191,17000,,
54003,475618,1931000,,
54007,3550,NA,,
54009,16775,NA,,
54011,8263,NA,,
54013,530,NA,,
54015,,NA,,
54017,190,NA,,
54019,3550,NA,,
54021,5728,NA,,
54023,20682,NA,,
54025,113134,902000,,
54027,106487,436000,,
54029,5134,NA,,
54031,618202,2875000,,
54033,NA,NA,,
54035,30899,NA,,
54037,1372703,6912000,,
54039,1270,8000,,
54041,,33000,,
54045,NA,NA,,
54047,,NA,,
54049,4430,16000,,
54051,2140,40000,,
54053,602114,2027000,,
54055,6614,33000,,
54057,55675,924000,,
54059,,NA,,
54061,3340,37000,,
54063,183873,429000,,
54065,15210,52000,,
54067,2150,NA,,
54069,22150,269000,,
54071,306779,1302000,,
54073,NA,NA,,
54075,12965,128000,,
54077,338817,1548000,,
54079,9294,NA,,
54081,NA,30000,,
54083,94493,540000,,
54085,NA,NA,,
54087,250,NA,,
54089,1605,22000,,
54091,, (Z),,
54093,22000,NA,,
54095,3245,NA,,
54097,4380,NA,,
54099,10725,41000,,
54101,,NA,,
54103,970,NA,,
54105,1257,NA,,
54107,46314,229000,,
54109,,NA,,
55001,2617081,10972000,,
55003,137553,241000,,
55005,10596006,38908000,,
55007,104616,721000,,
55009,4575182,13836000,,
55011,9673413,33631000,,
55013,1378377,6068000,,
55015,3992419,17786000,,
55017,10695404,41623000,,
55019,9452055,29932000,,
55021,14768256,74599000,,
55023,3813598,15306000,,
55025,18333619,103205000,,
55027,17755494,85209000,,
55029,2223066,7015000,,
55031,29900,NA,,
55033,14521079,49522000,,
55035,5314141,18260000,,
55037,NA,NA,,
55039,9215026,49055000,,
55041,NA,379000,,
55043,14226742,88409000,,
55045,6369525,52347000,,
55047,5574178,23283000,,
55049,5092391,38321000,,
55051,,NA,,
55053,5916823,22330000,,
55055,8305083,41250000,,
55057,4245843,20321000,,
55059,3648540,13843000,,
55061,3729218,14544000,,
55063,4896818,16253000,,
55065,10432850,73332000,,
55067,962068,4081000,,
55069,486235,2621000,,
55071,5666480,17002000,,
55073,8451387,32250000,,
55075,3389125,9838000,,
55077,2143002,14154000,,
55078,,NA,,
55079,95501,410000,,
55081,5480177,23713000,,
55083,6982292,21177000,,
55085,NA,NA,,
55087,9419427,30344000,,
55089,1278863,4741000,,
55091,3385816,12906000,,
55093,11943805,40721000,,
55095,8785641,26598000,,
55097,3909583,26128000,,
55099,334494,286000,,
55101,4469861,18641000,,
55103,3482548,16751000,,
55105,15750498,86630000,,
55107,2009102,5377000,,
55109,13512992,47211000,,
55111,8055569,41267000,,
55113,786146,2395000,,
55115,8051483,26729000,,
55117,4968541,18981000,,
55119,3082585,10042000,,
55121,10192359,42353000,,
55123,7480220,29656000,,
55127,8011896,45362000,,
55129,1404415,4506000,,
55131,2604277,15625000,,
55133,2746450,14211000,,
55135,5310837,18518000,,
55137,3363380,14988000,,
55139,3826034,21601000,,
55141,3593317,7881000,,
56001,NA,NA,,
56003,761569,5282000,,
56007,,NA,,
56009,,1532000,,
56013,343857,2131000,,
56015,4185288,15644000,,
56017,NA,NA,,
56019,,NA,,
56021,1097886,9120000,,
56023,,NA,,
56025,NA,705000,,
56027,102555,NA,,
56029,587736,3798000,,
56031,1149935,6267000,,
56033,NA,NA,,
56043,155530,NA,,
4015,,0,NA,NA
4027,NA,0,34701,13628000
13125,15920,0,2353,860000
13301,9315,0,3132,1022000
13239,,0,NA,NA
40009,NA,0,38615,11987000
40149,128412,0,82441,26466000
48009,NA,0,NA,NA
48059,NA,0,NA,NA
48447,NA,0,3625,1178000
48503,,0,1131,331000
48031,,0,NA,NA
48081,,0,1597,417000
48235,,0,NA,NA
48271,58814,0,NA,NA
48299,NA,0,NA,NA
48411,,0,NA,NA
48033,NA,0,56010,16424000
48075,,0,58640,18185000
48087,NA,0,88075,24210000
48101,NA,0,29876,8712000
48155,,0,NA,NA
48263,,0,1318,428000
48269,,0,NA,NA
48505,,0,NA,NA
48003,NA,0,10336,3562000
48115,NA,0,314844,96705000
48227,,0,65942,19114000
48317,,0,165294,44739000
48023,,0,10196,NA
48253,28480,0,89483,22922000
48275,,0,23020,7099000
48415,,0,71525,22626000
48433,,0,22259,6147000
48441,NA,0,18696,5916000
48043,NA,0,NA,NA
48229,,0,5725,2275000
5053,NA,,,
5059,300,,,
5005,NA,,,
5023,40000,,,
5099,NA,,,
6055,363,,,
6069,216,,,
6085,150,,,
6045,NA,,,
6005,NA,,,
6017,648,,,
6057,272,,,
6109,535,,,
6059,10126,,,
8035,2372,,,
12101,NA,,,
12005,NA,,,
12045,NA,,,
12049,150,,,
12055,NA,,,
13133,48454,,,
13039,NA,,,
13127,13872,,,
13151,NA,,,
13285,NA,,,
16037,NA,,,
21095,NA,,,
21147,NA,,,
22013,NA,,,
22111,NA,,,
22005,NA,,,
22057,446,,,
22113,NA,,,
23029,60,,,
26143,NA,,,
26131,NA,,,
30101,28000,,,
30097,NA,,,
35047,NA,,,
35039,12110,,,
35043,1600,,,
36047,402,,,
37129,51428,,,
40133,84000,,,
40091,13611,,,
40143,59883,,,
40005,NA,,,
40067,NA,,,
40099,18000,,,
40043,NA,,,
41017,NA,,,
42103,NA,,,
48113,243851,,,
48221,NA,,,
48337,NA,,,
48063,500,,,
48459,214,,,
48457,NA,,,
48265,NA,,,
48435,NA,,,
48479,NA,,,
53019,NA,,,
53049,NA,,,
54005,NA,,,
54043,NA,,,
