State,County,fips,acres,prod_bush,sales_USD
Alabama,Autauga,1001,1206,47675,339000
Alabama,Baldwin,1003,11733,479413,4620000
Alabama,Barbour,1005,1335,56753,616000
Alabama,Bibb,1007,1623,54154, (D)
Alabama,Blount,1009,2271,112464,1116000
Alabama,Bullock,1011,270,1380,16000
Alabama,Butler,1013, (D), (D), (D)
Alabama,Calhoun,1015,2529,94834,912000
Alabama,Chambers,1017, (D), (D), (D)
Alabama,Cherokee,1019,8099,308117,2883000
Alabama,Chilton,1021,903,20254,191000
Alabama,Choctaw,1023, (D), (D), (D)
Alabama,Clay,1027, (D), (D), (D)
Alabama,Cleburne,1029, (D), (D), (D)
Alabama,Coffee,1031,1048,49303,434000
Alabama,Colbert,1033,27046,1291100,12390000
Alabama,Conecuh,1035,175,5751, (D)
Alabama,Covington,1039,1195,27710,274000
Alabama,Crenshaw,1041,101,3434, (D)
Alabama,Cullman,1043,9014,396161,3725000
Alabama,Dale,1045,882,21666,214000
Alabama,Dallas,1047,6261,229996,2298000
Alabama,De Kalb,1049,15418,667037,6433000
Alabama,Elmore,1051,726,25918, (D)
Alabama,Escambia,1053,2887,114973,1134000
Alabama,Etowah,1055,2397,113899,923000
Alabama,Fayette,1057,871,29838,292000
Alabama,Franklin,1059,1919,74081,721000
Alabama,Geneva,1061,1784,62327,605000
Alabama,Greene,1063, (D), (D), (D)
Alabama,Hale,1065, (D), (D), (D)
Alabama,Henry,1067,817,24891,245000
Alabama,Houston,1069,2018,73222,661000
Alabama,Jackson,1071,26270,1037483,9980000
Alabama,Lamar,1075,1357,36623, (D)
Alabama,Lauderdale,1077,25907,1264673,12263000
Alabama,Lawrence,1079,36778,1931074,18803000
Alabama,Lee,1081, (D), (D), (D)
Alabama,Limestone,1083,58679,2836489,27857000
Alabama,Lowndes,1085,1107,41280, (D)
Alabama,Macon,1087,633,19315, (D)
Alabama,Madison,1089,39569,1584835,15347000
Alabama,Marengo,1091,1317,33157, (D)
Alabama,Marion,1093,3670,136023,1394000
Alabama,Marshall,1095,5775,230183, (D)
Alabama,Mobile,1097,2517,75126,747000
Alabama,Monroe,1099,588,18536,179000
Alabama,Montgomery,1101,2086,67672,661000
Alabama,Morgan,1103,7178,321773,3141000
Alabama,Perry,1105,10258,400153, (D)
Alabama,Pickens,1107,2679,162362, (D)
Alabama,Pike,1109,2247,88868,775000
Alabama,Randolph,1111, (D), (D), (D)
Alabama,Russell,1113,34,675, (D)
Alabama,Shelby,1117,1948,99752,988000
Alabama,Sumter,1119,1740,59870,543000
Alabama,Talladega,1121,3877,177614, (D)
Alabama,Tallapoosa,1123, (D), (D), (D)
Alabama,Tuscaloosa,1125,2787,119512,1137000
Alabama,Walker,1127,1055,31180,251000
Alabama,Washington,1129, (D), (D), (D)
Alabama,Wilcox,1131, (D), (D), (D)
Alabama,Winston,1133, (D), (D), (D)
Arkansas,Arkansas,5001,205585,11067907,107827000
Arkansas,Ashley,5003,52517,2962109,27913000
Arkansas,Benton,5007,2821,109096,1012000
Arkansas,Chicot,5017,187606,9579659,93856000
Arkansas,Clark,5019,8532,320344,3175000
Arkansas,Clay,5021,118118,6464758,62127000
Arkansas,Columbia,5027, (D), (D), (D)
Arkansas,Conway,5029,20505,806481,7810000
Arkansas,Craighead,5031,115302,6150343,58661000
Arkansas,Crawford,5033,19930,581328,5297000
Arkansas,Crittenden,5035,219336,11520325,112291000
Arkansas,Cross,5037,150747,7607382,73928000
Arkansas,Desha,5041,206977,11679519,112167000
Arkansas,Drew,5043,40133,2177176,21937000
Arkansas,Faulkner,5045,10474,437717,4268000
Arkansas,Franklin,5047,3218,114240,1047000
Arkansas,Fulton,5049,1050,71400,678000
Arkansas,Greene,5055,81590,4154242,38571000
Arkansas,Independence,5063,24550,1076279,10100000
Arkansas,Izard,5065,74,2840, (D)
Arkansas,Jackson,5067,122682,5149827,49318000
Arkansas,Jefferson,5069,127046,6728199,65528000
Arkansas,Johnson,5071,2928,92396, (D)
Arkansas,Lafayette,5073,15347,759796,7301000
Arkansas,Lawrence,5075,70491,2928410,27770000
Arkansas,Lee,5077,150942,7291282,70480000
Arkansas,Lincoln,5079,85526,4906357,47226000
Arkansas,Little River,5081,10227,407125,4134000
Arkansas,Logan,5083,4076,203237, (D)
Arkansas,Lonoke,5085,118090,4923198,49689000
Arkansas,Madison,5087, (D), (D), (D)
Arkansas,Miller,5091,19095,656653,6426000
Arkansas,Mississippi,5093,278413,15762077,151196000
Arkansas,Monroe,5095,110263,5227732,48419000
Arkansas,Perry,5105,2176,111885,1128000
Arkansas,Phillips,5107,263390,13907530,134378000
Arkansas,Poinsett,5111,159019,8790903,84804000
Arkansas,Pope,5115,9138,392668,3835000
Arkansas,Prairie,5117,108035,5489325,53681000
Arkansas,Pulaski,5119,21620,1000165,9729000
Arkansas,Randolph,5121,30841,1489433,13486000
Arkansas,Saint Francis,5123,145016,7169078,69574000
Arkansas,Sebastian,5131,1532,49586, (D)
Arkansas,Sevier,5133, (D), (D), (D)
Arkansas,Washington,5143, (D), (D), (D)
Arkansas,White,5145,34724,1477634,14638000
Arkansas,Woodruff,5147,131614,5853015,55948000
Arkansas,Yell,5149,5218,222231,2210000
Colorado,Adams,8001,1239,39501, (D)
Colorado,Baca,8009, (D), (D), (D)
Colorado,Cheyenne,8017,258,15816,142000
Colorado,Jefferson,8059, (D), (D), (D)
Colorado,Kiowa,8061, (D), (D), (D)
Colorado,Kit Carson,8063,5095,299317,2685000
Colorado,Lincoln,8073, (D), (D), (D)
Colorado,Logan,8075,944,52145,466000
Colorado,Mesa,8077, (D), (D), (D)
Colorado,Montrose,8085,376,18573,163000
Colorado,Morgan,8087, (D), (D), (D)
Colorado,Phillips,8095,247,4991,47000
Colorado,Prowers,8099, (D), (D), (D)
Colorado,Pueblo,8101, (D), (D), (D)
Colorado,Sedgwick,8115,1696,85050,848000
Colorado,Washington,8121,385,12625, (D)
Colorado,Weld,8123, (D), (D), (D)
Colorado,Yuma,8125,4913,314577,2820000
Connecticut,Fairfield,9001,240,12000,59000
Connecticut,Hartford,9003,240,12000,114000
Connecticut,Litchfield,9005, (D),3100, (D)
Connecticut,New London,9011, (D), (D), (D)
Connecticut,Tolland,9013, (D), (D), (D)
Delaware,Kent,10001,67556,3603160,32833000
Delaware,New Castle,10003,21669,1180621,10897000
Delaware,Sussex,10005,89117,4547269,42004000
Florida,Baker,12003, (D), (D), (D)
Florida,Brevard,12009, (D), (D), (D)
Florida,Clay,12019, (D), (D), (D)
Florida,Collier,12021, (D), (D), (D)
Florida,Columbia,12023, (D), (D), (D)
Florida,De Soto,12027, (D), (D), (D)
Florida,Escambia,12033, (D), (D), (D)
Florida,Gadsden,12039, (D), (D), (D)
Florida,Gilchrist,12041, (D), (D), (D)
Florida,Hamilton,12047,920,32752,344000
Florida,Holmes,12059,2187,68154,650000
Florida,Indian River,12061,750,32583,310000
Florida,Jackson,12063,2177,82737,822000
Florida,Jefferson,12065,387,8080,86000
Florida,Lafayette,12067,861,24218,221000
Florida,Lake,12069, (D), (D), (D)
Florida,Lee,12071, (D), (D), (D)
Florida,Leon,12073, (D), (D), (D)
Florida,Madison,12079,324,8448, (D)
Florida,Miami-Dade,12086, (D), (D), (D)
Florida,Okaloosa,12091,288,16772,151000
Florida,Okeechobee,12093, (D), (D), (D)
Florida,Orange,12095, (D), (D), (D)
Florida,Palm Beach,12099, (D), (D), (D)
Florida,Pasco,12101, (D), (D), (D)
Florida,Putnam,12107, (D), (D), (D)
Florida,Santa Rosa,12113,595,15759,156000
Florida,Sarasota,12115, (D), (D), (D)
Florida,Suwannee,12121,918,29555,283000
Florida,Union,12125,1344,40410,384000
Florida,Walton,12131,284,10152,93000
Florida,Washington,12133,822,39636,377000
Georgia,Appling,13001,1897,68076,600000
Georgia,Atkinson,13003,1146,49016,489000
Georgia,Bacon,13005,226,6362, (D)
Georgia,Baker,13007,974,49117,486000
Georgia,Banks,13011,465,15930,134000
Georgia,Bartow,13015,1098,61057,590000
Georgia,Ben Hill,13017, (D), (D), (D)
Georgia,Berrien,13019,186,4375, (D)
Georgia,Bibb,13021, (D), (D), (D)
Georgia,Bleckley,13023,3011,169594,1473000
Georgia,Brantley,13025, (D), (D), (D)
Georgia,Brooks,13027,6642,302986,2991000
Georgia,Bryan,13029,418,12735, (D)
Georgia,Bulloch,13031,4735,139399,1382000
Georgia,Burke,13033,4537,172934,1686000
Georgia,Butts,13035, (D), (D), (D)
Georgia,Calhoun,13037, (D), (D), (D)
Georgia,Candler,13043, (D), (D), (D)
Georgia,Carroll,13045, (D), (D), (D)
Georgia,Chattooga,13055,1317,54881,512000
Georgia,Clarke,13059, (D), (D), (D)
Georgia,Clay,13061, (D), (D), (D)
Georgia,Clinch,13065, (D), (D), (D)
Georgia,Coffee,13069,1667,68316,667000
Georgia,Colquitt,13071,1797,67222,662000
Georgia,Columbia,13073, (D), (D), (D)
Georgia,Cook,13075, (D), (D), (D)
Georgia,Coweta,13077, (D), (D), (D)
Georgia,Crawford,13079, (D), (D), (D)
Georgia,Crisp,13081,541,17784, (D)
Georgia,Dawson,13085, (D), (D), (D)
Georgia,Decatur,13087,1593,55285,528000
Georgia,Dodge,13091,1889,90695,917000
Georgia,Dooly,13093,4780,194859,1922000
Georgia,Dougherty,13095, (D), (D), (D)
Georgia,Early,13099,1573,71870,712000
Georgia,Echols,13101, (D), (D), (D)
Georgia,Effingham,13103,1914,76428,713000
Georgia,Elbert,13105,3108,115512,1144000
Georgia,Emanuel,13107,2878,141182,1352000
Georgia,Evans,13109,265,11384, (D)
Georgia,Floyd,13115,2041,110659, (D)
Georgia,Franklin,13119,864,28578,285000
Georgia,Gilmer,13123,168,8040,80000
Georgia,Glascock,13125,565,24164,229000
Georgia,Gordon,13129,3751,147894, (D)
Georgia,Grady,13131,1964,80229,792000
Georgia,Gwinnett,13135, (D), (D), (D)
Georgia,Habersham,13137,116,3150, (D)
Georgia,Hart,13147,3483,111744,798000
Georgia,Heard,13149,450,15105, (D)
Georgia,Henry,13151, (D), (D), (D)
Georgia,Houston,13153,901,30182,294000
Georgia,Irwin,13155, (D), (D), (D)
Georgia,Jackson,13157,199,7236,72000
Georgia,Jeff Davis,13161, (D), (D), (D)
Georgia,Jefferson,13163,8603,324422,3199000
Georgia,Jenkins,13165,634,26173,257000
Georgia,Johnson,13167,2234,86922,860000
Georgia,Lamar,13171, (D), (D), (D)
Georgia,Lanier,13173, (D), (D), (D)
Georgia,Laurens,13175,2985,128608,1225000
Georgia,Lee,13177,3969,159652,1571000
Georgia,Liberty,13179,44, (D), (D)
Georgia,Long,13183, (D), (D), (D)
Georgia,Lowndes,13185,1612,51134,507000
Georgia,Mcduffie,13189, (D), (D), (D)
Georgia,Macon,13193,3402,141345,1488000
Georgia,Madison,13195,2183,63358,628000
Georgia,Marion,13197,1323,42232,381000
Georgia,Meriwether,13199,287,8262,81000
Georgia,Miller,13201,637, (D),324000
Georgia,Mitchell,13205,1454,74145,731000
Georgia,Montgomery,13209,1215,46788, (D)
Georgia,Morgan,13211,1172,46040,456000
Georgia,Murray,13213,1332,51740, (D)
Georgia,Newton,13217,350,14365,142000
Georgia,Oglethorpe,13221,793,27847,237000
Georgia,Peach,13225,1412,64171,621000
Georgia,Pierce,13229,1573,40748,391000
Georgia,Pike,13231, (D), (D), (D)
Georgia,Polk,13233,653,28852, (D)
Georgia,Pulaski,13235,678,20879,227000
Georgia,Putnam,13237, (D), (D), (D)
Georgia,Randolph,13243,5080,232334,2271000
Georgia,Richmond,13245, (D), (D), (D)
Georgia,Schley,13249,313,10730,101000
Georgia,Screven,13251,2137,70176,694000
Georgia,Seminole,13253,4778,215053,2093000
Georgia,Spalding,13255,515,24480, (D)
Georgia,Sumter,13261,2899,124637,1136000
Georgia,Tattnall,13267,3655,130540,1320000
Georgia,Taylor,13269,3028,105049,1028000
Georgia,Telfair,13271, (D), (D), (D)
Georgia,Terrell,13273,1918,64282,636000
Georgia,Thomas,13275,2466,101423,887000
Georgia,Tift,13277,205,6499, (D)
Georgia,Toombs,13279,3202,134785,1267000
Georgia,Towns,13281, (D), (D), (D)
Georgia,Treutlen,13283,872,22972, (D)
Georgia,Troup,13285, (D), (D), (D)
Georgia,Turner,13287, (D),1327,13000
Georgia,Twiggs,13289, (D), (D), (D)
Georgia,Union,13291, (D), (D), (D)
Georgia,Upson,13293, (D), (D), (D)
Georgia,Walker,13295,2746,125354,904000
Georgia,Walton,13297,245,5873,59000
Georgia,Ware,13299,1039,39381,388000
Georgia,Washington,13303,2032,79050,478000
Georgia,Wayne,13305, (D), (D), (D)
Georgia,Wheeler,13309,335,11562,114000
Georgia,White,13311, (D), (D), (D)
Georgia,Whitfield,13313, (D), (D), (D)
Georgia,Wilcox,13315,672,27142,254000
Georgia,Wilkinson,13319, (D), (D), (D)
Georgia,Worth,13321,612,19857,223000
Hawaii,Honolulu,15003, (D), (D), (D)
Hawaii,Kauai,15007, (D), (D), (D)
Hawaii,Maui & Kalwao,15009, (D), (D), (D)
Idaho,Ada,16001, (D), (D), (D)
Idaho,Latah,16057, (D), (D), (D)
Illinois,Adams,17001,156131,8624161,81887000
Illinois,Alexander,17003,31249,1401912,12773000
Illinois,Bond,17005,79234,4375104,41935000
Illinois,Boone,17007,41644,1944875,18166000
Illinois,Brown,17009,32347,1748521,16776000
Illinois,Bureau,17011,145109,8835987, (D)
Illinois,Calhoun,17013,27490,1534809,14245000
Illinois,Carroll,17015,44470,2771206,26375000
Illinois,Cass,17017,65038,3852276,37168000
Illinois,Champaign,17019,266472,16863789,158808000
Illinois,Christian,17021,178961,11857042,112232000
Illinois,Clark,17023,112869,6209741,58174000
Illinois,Clay,17025,154568,6579371,64070000
Illinois,Clinton,17027,96599,4651414,44598000
Illinois,Coles,17029,105839,6613457,60347000
Illinois,Cook,17031,5168,247092, (D)
Illinois,Crawford,17033,91052,4924819,45302000
Illinois,Cumberland,17035,68925,3552130,34063000
Illinois,De Kalb,17037,135822,7880133,77951000
Illinois,De Witt,17039,85510,5546154,51824000
Illinois,Douglas,17041,108731,6818753,64682000
Illinois,Du Page,17043,423,20498, (D)
Illinois,Edgar,17045,142517,8715226,82621000
Illinois,Edwards,17047,45959,2366738,21983000
Illinois,Effingham,17049,125773,6471188,60994000
Illinois,Fayette,17051,152127,7608343,71945000
Illinois,Ford,17053,122543,7274490,69013000
Illinois,Franklin,17055,88203,4144137,39936000
Illinois,Fulton,17057,131816,7366937,70471000
Illinois,Gallatin,17059,78322,4258361,40165000
Illinois,Greene,17061,110905,6896747,64871000
Illinois,Grundy,17063,108998,6024867,56261000
Illinois,Hamilton,17065,82339,4402088,41712000
Illinois,Hancock,17067,163959,10215076,95009000
Illinois,Hardin,17069,5257,210135, (D)
Illinois,Henderson,17071,59831,3717057,34433000
Illinois,Henry,17073,179997,10635195,99466000
Illinois,Iroquois,17075,294361,15896150,148805000
Illinois,Jackson,17077,109532,5156440,48468000
Illinois,Jasper,17079,105491,5444558,50513000
Illinois,Jefferson,17081,131549,5648200,49117000
Illinois,Jersey,17083,62131,3487281,32526000
Illinois,Jo Daviess,17085,49277,2631399,24907000
Illinois,Johnson,17087,21721,960507,9610000
Illinois,Kane,17089,66495,3726055,35602000
Illinois,Kankakee,17091,125566,6535154,61744000
Illinois,Kendall,17093,55581,3121553,29991000
Illinois,Knox,17095,146884,9123002,82931000
Illinois,Lake,17097,7580,256668,2301000
Illinois,La Salle,17099,241578,14228484,135496000
Illinois,Lawrence,17101,97356,5274923,50453000
Illinois,Lee,17103,124632,7370561,70468000
Illinois,Livingston,17105,274690,15890646,151807000
Illinois,Logan,17107,146829,9944162,95206000
Illinois,Mcdonough,17109,121187,7812306,73398000
Illinois,Mchenry,17111,67086,3187313,30692000
Illinois,Mclean,17113,290771,18808108,180453000
Illinois,Macon,17115,129258,8401383,79903000
Illinois,Macoupin,17117,152808,8950112,85263000
Illinois,Madison,17119,137628,7537152,71178000
Illinois,Marion,17121,100951,4689728,42936000
Illinois,Marshall,17123,74618,4377167,41010000
Illinois,Mason,17125,102809,6175287,57583000
Illinois,Massac,17127,55081,2570408,24807000
Illinois,Menard,17129,58680,3656908,34231000
Illinois,Mercer,17131,100811,6143053,57452000
Illinois,Monroe,17133,76878,3256909,31212000
Illinois,Montgomery,17135,179718,10508197,98403000
Illinois,Morgan,17137,113428,6854183,64353000
Illinois,Moultrie,17139,81120,5258247,51595000
Illinois,Ogle,17141,91873,5175229,50023000
Illinois,Peoria,17143,90284,5364309,50296000
Illinois,Perry,17145,89503,3747509,34353000
Illinois,Piatt,17147,121610,8218056,76928000
Illinois,Pike,17149,128713,7414759,69982000
Illinois,Pope,17151,8956,414292,3878000
Illinois,Pulaski,17153,53697,2490288,23621000
Illinois,Putnam,17155,18879,1075896, (D)
Illinois,Randolph,17157,109087,4785045,45307000
Illinois,Richland,17159,77274,3706086,33809000
Illinois,Rock Island,17161,49141,2922102,27790000
Illinois,St Clair,17163,110670,5293047,51701000
Illinois,Saline,17165,62065,2935750,27596000
Illinois,Sangamon,17167,216586,14465142,137425000
Illinois,Schuyler,17169,65609,3620318,33043000
Illinois,Scott,17171,58228,3412660,32172000
Illinois,Shelby,17173,148417,8439797,77607000
Illinois,Stark,17175,71765,4544008,43173000
Illinois,Stephenson,17177,79567,4559484,43767000
Illinois,Tazewell,17179,117198,7543995,71478000
Illinois,Union,17181,53203,2552722,24356000
Illinois,Vermilion,17183,211090,13153455,125557000
Illinois,Wabash,17185,51563,2648626,24329000
Illinois,Warren,17187,129887,8075416,74677000
Illinois,Washington,17189,163399,7184953,69094000
Illinois,Wayne,17191,154776,7083781,66893000
Illinois,White,17193,137888,7392947,67659000
Illinois,Whiteside,17195,91218,5045928,48764000
Illinois,Will,17197,101745,5267831,49931000
Illinois,Williamson,17199,32388,1475642,14205000
Illinois,Winnebago,17201,59497,2783449,26010000
Illinois,Woodford,17203,115853,7073920,67726000
Indiana,Adams,18001,100760,5154386,49267000
Indiana,Allen,18003,134685,6778788,64656000
Indiana,Bartholomew,18005,69930,3918411,37341000
Indiana,Benton,18007,111869,6683259,63125000
Indiana,Blackford,18009,48192,2562596,24618000
Indiana,Boone,18011,114458,6134120,57662000
Indiana,Brown,18013,1272,75167,686000
Indiana,Carroll,18015,91356,5724358,54042000
Indiana,Cass,18017,77277,4028726,38018000
Indiana,Clark,18019,35196,1676717,16232000
Indiana,Clay,18021,69114,3655851,34300000
Indiana,Clinton,18023,121727,6918852,67825000
Indiana,Crawford,18025,3820,181207,1731000
Indiana,Daviess,18027,75825,4302169,40704000
Indiana,Dearborn,18029,10425,462019,4345000
Indiana,Decatur,18031,86032,4994096,47829000
Indiana,De Kalb,18033,73525,3501478,32751000
Indiana,Delaware,18035,91442,4741343,44227000
Indiana,Dubois,18037,52884,3031059,29262000
Indiana,Elkhart,18039,45614,2407805,22929000
Indiana,Fayette,18041,32753,1760176,16867000
Indiana,Floyd,18043,5360,232852,2100000
Indiana,Fountain,18045,84707,4893294,45209000
Indiana,Franklin,18047,37122,1901194,18070000
Indiana,Fulton,18049,77129,3960461,36179000
Indiana,Gibson,18051,98651,5741083,55099000
Indiana,Grant,18053,108436,5732876,54549000
Indiana,Greene,18055,46242,2303796,22033000
Indiana,Hamilton,18057,59935,3040040,29197000
Indiana,Hancock,18059,82116,4056337,39233000
Indiana,Harrison,18061,40970,2106570,20295000
Indiana,Hendricks,18063,66946,3504497,33313000
Indiana,Henry,18065,78944,4149467,39197000
Indiana,Howard,18067,72945,4081035,38783000
Indiana,Huntington,18069,101297,5079300,47843000
Indiana,Jackson,18071,75003,3758729,35848000
Indiana,Jasper,18073,91179,4767368,45976000
Indiana,Jay,18075,101783,4750286,45388000
Indiana,Jefferson,18077,36468,1688417,14635000
Indiana,Jennings,18079,52831,2733931,26274000
Indiana,Johnson,18081,55824,3178126,30200000
Indiana,Knox,18083,134151,7541035,70511000
Indiana,Kosciusko,18085,95318,4997538,47279000
Indiana,Lagrange,18087,38396,1873754,17917000
Indiana,Lake,18089,48281,2387713,22804000
Indiana,La Porte,18091,87202,4479289,41024000
Indiana,Lawrence,18093,34110,1664910,15741000
Indiana,Madison,18095,101706,5325100,50227000
Indiana,Marion,18097,7913,355316,3336000
Indiana,Marshall,18099,71418,3687797,34808000
Indiana,Martin,18101,14509,801952,7719000
Indiana,Miami,18103,88562,4333788,41401000
Indiana,Monroe,18105,5089,237698,2134000
Indiana,Montgomery,18107,131791,7691334,72685000
Indiana,Morgan,18109,56021,2920152,27595000
Indiana,Newton,18111,69644,3815758,35713000
Indiana,Noble,18113,77099,3883651,37142000
Indiana,Ohio,18115,3790,188057,1835000
Indiana,Orange,18117,28601,1683012,16110000
Indiana,Owen,18119,29472,1377910,12879000
Indiana,Parke,18121,64597,3578794,33952000
Indiana,Perry,18123,17565,1012878,8505000
Indiana,Pike,18125,33869,1607512,15447000
Indiana,Porter,18127,52973,2714175,25595000
Indiana,Posey,18129,81549,4734926,44802000
Indiana,Pulaski,18131,78975,3925052,38441000
Indiana,Putnam,18133,61891,3397636,32103000
Indiana,Randolph,18135,114239,5758216,54361000
Indiana,Ripley,18137,72681,3650022,34569000
Indiana,Rush,18139,88427,4988795,46856000
Indiana,St. Joseph,18141,53398,2708898,25711000
Indiana,Scott,18143,19711,1064669,9845000
Indiana,Shelby,18145,101655,5610646,52851000
Indiana,Spencer,18147,64994,3529312,34028000
Indiana,Starke,18149,47254,2209608,19507000
Indiana,Steuben,18151,40302,1797114,17227000
Indiana,Sullivan,18153,69216,3878956,36227000
Indiana,Switzerland,18155,9780,486349,4691000
Indiana,Tippecanoe,18157,91443,5237054,49629000
Indiana,Tipton,18159,77331,4561493,43008000
Indiana,Union,18161,34593,1874272,17799000
Indiana,Vanderburgh,18163,31697,1908341,18579000
Indiana,Vermillion,18165,48845,2791359,26661000
Indiana,Vigo,18167,49970,2620623,24618000
Indiana,Wabash,18169,88454,4403719,42189000
Indiana,Warren,18171,75356,4580535,44264000
Indiana,Warrick,18173,41573,2237481,21338000
Indiana,Washington,18175,70414,3656553,35145000
Indiana,Wayne,18177,57126,3047466,28823000
Indiana,Wells,18179,116635,6087936,57204000
Indiana,White,18181,105434,5950328,56631000
Indiana,Whitley,18183,74308,3840315,37083000
Iowa,Adair,19001,103126,5410804,48327000
Iowa,Adams,19003,63497,3241577,29105000
Iowa,Allamakee,19005,33239,1747213,15686000
Iowa,Appanoose,19007,31825,1425468,13244000
Iowa,Audubon,19009,100842,5925421,52281000
Iowa,Benton,19011,165099,9265467,86134000
Iowa,Black Hawk,19013,103553,5944278,54963000
Iowa,Boone,19015,106391,5997818,54455000
Iowa,Bremer,19017,80177,4485370,41082000
Iowa,Buchanan,19019,93474,5086595,47529000
Iowa,Buena Vista,19021,143345,7951056,71594000
Iowa,Butler,19023,127873,6881606,63672000
Iowa,Calhoun,19025,134052,7340723,66976000
Iowa,Carroll,19027,117990,6780441,62258000
Iowa,Cass,19029,101120,5433467,49478000
Iowa,Cedar,19031,126406,7352498,67434000
Iowa,Cerro Gordo,19033,121099,6599335,59543000
Iowa,Cherokee,19035,131206,7639015,69619000
Iowa,Chickasaw,19037,91635,4884830,43833000
Iowa,Clarke,19039,23159,1009526, (D)
Iowa,Clay,19041,130118,7448595,68031000
Iowa,Clayton,19043,62952,3621676,33282000
Iowa,Clinton,19045,121644,7032669,66154000
Iowa,Crawford,19047,141625,8338646,75245000
Iowa,Dallas,19049,100679,5450805,49712000
Iowa,Davis,19051,36257,1333949,12455000
Iowa,Decatur,19053,41336,1918214,16670000
Iowa,Delaware,19055,56343,3411494,31034000
Iowa,Des Moines,19057,61494,3676291,34945000
Iowa,Dickinson,19059,76666,4245649,37927000
Iowa,Dubuque,19061,36196,2183903,20623000
Iowa,Emmet,19063,88279,4975997,44352000
Iowa,Fayette,19065,115933,6195747,57468000
Iowa,Floyd,19067,111334,5890126,54515000
Iowa,Franklin,19069,118064,6461680, (D)
Iowa,Fremont,19071,117108,6538573,59760000
Iowa,Greene,19073,141613,7806361,72393000
Iowa,Grundy,19075,130074,8182351,74726000
Iowa,Guthrie,19077,101168,5565562,49759000
Iowa,Hamilton,19079,109985,6198435,56392000
Iowa,Hancock,19081,118180,6634561,60015000
Iowa,Hardin,19083,98010,5709931,52931000
Iowa,Harrison,19085,135758,7199064,65040000
Iowa,Henry,19087,84130,4825600,44606000
Iowa,Howard,19089,103104,5318003,49648000
Iowa,Humboldt,19091,101037,5582318,50703000
Iowa,Ida,19093,97597,5943862,54953000
Iowa,Iowa,19095,102827,5747487,53856000
Iowa,Jackson,19097,48418,2645384,24230000
Iowa,Jasper,19099,133023,7825445,71244000
Iowa,Jefferson,19101,63028,2966684,27171000
Iowa,Johnson,19103,107687,5859643,54783000
Iowa,Jones,19105,81770,4518223,41557000
Iowa,Keokuk,19107,95194,4963058,45677000
Iowa,Kossuth,19109,221893,12787008,116394000
Iowa,Lee,19111,63967,3230589,29817000
Iowa,Linn,19113,106363,5980678,54995000
Iowa,Louisa,19115,66419,3853437,36343000
Iowa,Lucas,19117,27040,1172134,10594000
Iowa,Lyon,19119,123072,7485976,68372000
Iowa,Madison,19121,67071,3465732,31628000
Iowa,Mahaska,19123,95355,4980530,46525000
Iowa,Marion,19125,75453,3980805,36406000
Iowa,Marshall,19127,122556,7365279,66649000
Iowa,Mills,19129,89319,4839937,44003000
Iowa,Mitchell,19131,94299,5073405,45757000
Iowa,Monona,19133,113924,6127890,55190000
Iowa,Monroe,19135,26617,1269281,11757000
Iowa,Montgomery,19137,91244,5002156,44976000
Iowa,Muscatine,19139,76503,4298057,40036000
Iowa,O Brien,19141,130146,8021492,73647000
Iowa,Osceola,19143,94849,5572603,49516000
Iowa,Page,19145,123750,6695500,60386000
Iowa,Palo Alto,19147,119093,6664714,60326000
Iowa,Plymouth,19149,193706,11388999,103240000
Iowa,Pocahontas,19151,140745,7770855, (D)
Iowa,Polk,19153,72965,4046047, (D)
Iowa,Pottawattamie,19155,203552,11294549,103107000
Iowa,Poweshiek,19157,112048,6261322,57038000
Iowa,Ringgold,19159,55503,2670071,24091000
Iowa,Sac,19161,139629,8134224,73342000
Iowa,Scott,19163,73627,4630879,43157000
Iowa,Shelby,19165,146702,8609566,78477000
Iowa,Sioux,19167,162093,10336320,94174000
Iowa,Story,19169,104880,5883821,55417000
Iowa,Tama,19171,147261,8469466,79436000
Iowa,Taylor,19173,84768,4318413,39205000
Iowa,Union,19175,62786,2837483,25922000
Iowa,Van Buren,19177,43993,1860036,17183000
Iowa,Wapello,19179,56190,2485588,22708000
Iowa,Warren,19181,68754,3373494,31112000
Iowa,Washington,19183,97722,5821011,53566000
Iowa,Wayne,19185,68872,3076648,28123000
Iowa,Webster,19187,162219,9074539,82580000
Iowa,Winnebago,19189,88692,5159220, (D)
Iowa,Winneshiek,19191,75042,3955515,35662000
Iowa,Woodbury,19193,159566,8830982,80886000
Iowa,Worth,19195,93621,5164920,46899000
Iowa,Wright,19197,138116,7636399, (D)
Kansas,Allen,20001,57212,2250124,20552000
Kansas,Anderson,20003,117421,5404546,50512000
Kansas,Atchison,20005,71283,3728215,33346000
Kansas,Barber,20007,18361,592381,4935000
Kansas,Barton,20009,40746,1372646,12100000
Kansas,Bourbon,20011,39699,1684420,15299000
Kansas,Brown,20013,117910,6067751,56189000
Kansas,Butler,20015,98597,3588997,32528000
Kansas,Chase,20017,29514,1322463,12075000
Kansas,Chautauqua,20019,10805,331581,3061000
Kansas,Cherokee,20021,102496,4184424,38128000
Kansas,Cheyenne,20023,6528,371266,3353000
Kansas,Clark,20025,1417,70465,624000
Kansas,Clay,20027,111032,4641370,40946000
Kansas,Cloud,20029,73645,2858191,25300000
Kansas,Coffey,20031,79980,3162507,27683000
Kansas,Comanche,20033,1683,116262,1041000
Kansas,Cowley,20035,103074,3146034,27277000
Kansas,Crawford,20037,94186,3388359,30695000
Kansas,Decatur,20039,2920,116988,977000
Kansas,Dickinson,20041,116844,3243661,28872000
Kansas,Doniphan,20043,64240,3763489,34041000
Kansas,Douglas,20045,60363,2788217,25774000
Kansas,Edwards,20047,27906,1524086,13643000
Kansas,Elk,20049,18943,683691,4574000
Kansas,Ellis,20051,785,24539,221000
Kansas,Ellsworth,20053,13065,352430,3074000
Kansas,Finney,20055,20375,1096649,10399000
Kansas,Ford,20057,16439,930771,8661000
Kansas,Franklin,20059,98502,4459857,41165000
Kansas,Geary,20061,18412,706305,6373000
Kansas,Gove,20063,870,57970,521000
Kansas,Graham,20065,4780,204473,1749000
Kansas,Grant,20067,1745,105096,866000
Kansas,Gray,20069,15629,933819, (D)
Kansas,Greenwood,20073,39347,1343895,12139000
Kansas,Hamilton,20075, (D), (D), (D)
Kansas,Harper,20077,28443,658032,5845000
Kansas,Harvey,20079,104975,3535212,31915000
Kansas,Haskell,20081,9252,543144, (D)
Kansas,Hodgeman,20083,3059,155674, (D)
Kansas,Jackson,20085,52215,2233245,20490000
Kansas,Jefferson,20087,51340,2447744,22521000
Kansas,Jewell,20089,99880,4127369,37142000
Kansas,Johnson,20091,19724,891461,7281000
Kansas,Kearny,20093,2347,75227,692000
Kansas,Kingman,20095,31627,1016106,9179000
Kansas,Kiowa,20097,28748,1549212,13223000
Kansas,Labette,20099,95947,3868668,35722000
Kansas,Lane,20101,1791,67176,560000
Kansas,Leavenworth,20103,34296,1535849,13663000
Kansas,Lincoln,20105,35386,946662,8315000
Kansas,Linn,20107,79870,3406132,30750000
Kansas,Logan,20109, (D), (D), (D)
Kansas,Lyon,20111,108103,4338274,39655000
Kansas,Mcpherson,20113,122700,3609170,31655000
Kansas,Marion,20115,110101,2977885,25812000
Kansas,Marshall,20117,164304,4864045,43953000
Kansas,Meade,20119,26767,1848941,16510000
Kansas,Miami,20121,66395,2872934,25704000
Kansas,Mitchell,20123,65048,2268018,20401000
Kansas,Montgomery,20125,90994,3441623,29884000
Kansas,Morris,20127,54961,1902910,16941000
Kansas,Morton,20129,292,14335,133000
Kansas,Nemaha,20131,120356,4329001,40115000
Kansas,Neosho,20133,66129,2568800,22867000
Kansas,Ness,20135,625,22331,200000
Kansas,Norton,20137,14878,528670,4962000
Kansas,Osage,20139,108885,4663046,41347000
Kansas,Osborne,20141,35618,1141653,10754000
Kansas,Ottawa,20143,77893,2368798,20356000
Kansas,Pawnee,20145,19170,989085,8935000
Kansas,Phillips,20147,28395,1187909,10627000
Kansas,Pottawatomie,20149,43901,2024214,17676000
Kansas,Pratt,20151,44124,2139746,19128000
Kansas,Rawlins,20153,3116,187493,1734000
Kansas,Reno,20155,139896,4374025,38898000
Kansas,Republic,20157,101190,4510856,39602000
Kansas,Rice,20159,73986,2344918,20881000
Kansas,Riley,20161,43501,1618225,14602000
Kansas,Rooks,20163,26556,699913,5854000
Kansas,Rush,20165,6265,186859,1665000
Kansas,Russell,20167,14087,413977,3655000
Kansas,Saline,20169,67536,1569420,13684000
Kansas,Scott,20171,2000,113507,1020000
Kansas,Sedgwick,20173,125586,3833479,34923000
Kansas,Seward,20175,22164,1538662,13823000
Kansas,Shawnee,20177,49029,2168163,19447000
Kansas,Sheridan,20179,17942,921036,8446000
Kansas,Sherman,20181,9186,467813,4112000
Kansas,Smith,20183,89249,3609679,31416000
Kansas,Stafford,20185,44422,1803000,17154000
Kansas,Stanton,20187,260,14040, (D)
Kansas,Stevens,20189,12572,759024,6321000
Kansas,Sumner,20191,199443,5564624,49175000
Kansas,Thomas,20193,20184,1177012,10423000
Kansas,Trego,20195,719,18361,169000
Kansas,Wabaunsee,20197,32153,1383192,12763000
Kansas,Wallace,20199, (D), (D), (D)
Kansas,Washington,20201,133682,4437922,39002000
Kansas,Wichita,20203,1130,68408,616000
Kansas,Wilson,20205,87660,3218365,29469000
Kansas,Woodson,20207,46586,1801320,15702000
Kansas,Wyandotte,20209,3488,170584,1501000
Kentucky,Adair,21001,13016,715077,6918000
Kentucky,Allen,21003,5590,271042,2542000
Kentucky,Anderson,21005,686,37078,320000
Kentucky,Ballard,21007,40629,2040154,19212000
Kentucky,Barren,21009,26121,1443425,13662000
Kentucky,Bath,21011,3455,162331,1556000
Kentucky,Boone,21015,4899,280815,2896000
Kentucky,Bourbon,21017,11664,576295,5343000
Kentucky,Boyle,21021,1446,86722, (D)
Kentucky,Bracken,21023,796,36715, (D)
Kentucky,Breathitt,21025, (D), (D), (D)
Kentucky,Breckinridge,21027,42016,2074136,19386000
Kentucky,Bullitt,21029,5686,279125,2215000
Kentucky,Butler,21031,28369,1367774,13082000
Kentucky,Caldwell,21033,32540,1583997,15154000
Kentucky,Calloway,21035,46092,2077279,19770000
Kentucky,Campbell,21037,365,19050,188000
Kentucky,Carlisle,21039,36161,1781823,17374000
Kentucky,Carroll,21041,3321,131545, (D)
Kentucky,Casey,21045,8509,437176, (D)
Kentucky,Christian,21047,95022,5065713,48846000
Kentucky,Clark,21049,7847,406939,3997000
Kentucky,Clay,21051,445,21150,201000
Kentucky,Clinton,21053,1438,72031,703000
Kentucky,Crittenden,21055,22064,1061159,9900000
Kentucky,Cumberland,21057,3021,186251,1837000
Kentucky,Daviess,21059,99142,5620466,53356000
Kentucky,Edmonson,21061,12547,608293,5935000
Kentucky,Estill,21065,1094,43214,388000
Kentucky,Fayette,21067,5615,286464,2596000
Kentucky,Fleming,21069,20456,901079,8095000
Kentucky,Franklin,21073,994,41985, (D)
Kentucky,Fulton,21075,55652,2823910,26885000
Kentucky,Gallatin,21077,4259,235899,2706000
Kentucky,Garrard,21079,1219,53173,488000
Kentucky,Grant,21081,656,28059, (D)
Kentucky,Graves,21083,91122,4433250,43011000
Kentucky,Grayson,21085,23053,1138369,10715000
Kentucky,Green,21087,17620,935464,8770000
Kentucky,Greenup,21089,657,32378,281000
Kentucky,Hancock,21091,7781,435704,4111000
Kentucky,Hardin,21093,38144,1961898,18711000
Kentucky,Harrison,21097,4999,263657,2410000
Kentucky,Hart,21099,9088,443860,4376000
Kentucky,Henderson,21101,82582,4580162,45015000
Kentucky,Henry,21103,10626,490581,4639000
Kentucky,Hickman,21105,48911,2526606,24541000
Kentucky,Hopkins,21107,40599,2007983,19410000
Kentucky,Jefferson,21111,1295,57353,524000
Kentucky,Jessamine,21113,2664,133503,1109000
Kentucky,Kenton,21117,210,10664, (D)
Kentucky,Knox,21121, (D), (D), (D)
Kentucky,Larue,21123,28101,1498388,14248000
Kentucky,Laurel,21125, (D), (D), (D)
Kentucky,Lawrence,21127, (D), (D), (D)
Kentucky,Lee,21129, (D), (D), (D)
Kentucky,Letcher,21133, (D), (D), (D)
Kentucky,Lewis,21135,12704,663427,4919000
Kentucky,Lincoln,21137,11908,626776,5911000
Kentucky,Livingston,21139,21483,952270,9227000
Kentucky,Logan,21141,73976,3660215,36896000
Kentucky,Lyon,21143,4850,200505,1943000
Kentucky,Mccracken,21145,27165,1218829,11785000
Kentucky,Mccreary,21147, (D), (D), (D)
Kentucky,Mclean,21149,53296,2767376,26870000
Kentucky,Madison,21151,1063,59855,373000
Kentucky,Marion,21155,23530,1244980,11728000
Kentucky,Marshall,21157,27716,1066794,10221000
Kentucky,Mason,21161,11121,567543,5301000
Kentucky,Meade,21163,26169,1428434,13497000
Kentucky,Mercer,21167,6395,343548,3320000
Kentucky,Metcalfe,21169,4829,277473,2576000
Kentucky,Monroe,21171,6488,366801,3474000
Kentucky,Montgomery,21173,1678,59141,568000
Kentucky,Morgan,21175, (D), (D), (D)
Kentucky,Muhlenberg,21177,27995,1358539,13149000
Kentucky,Nelson,21179,33156,1736388,16535000
Kentucky,Nicholas,21181,1528,80928,748000
Kentucky,Ohio,21183,35233,1744678,17128000
Kentucky,Oldham,21185,6507,320632,2950000
Kentucky,Owen,21187,1565,74237,750000
Kentucky,Pendleton,21191,2385,119494,1150000
Kentucky,Perry,21193,6,300, (D)
Kentucky,Powell,21197,2964,106436,986000
Kentucky,Pulaski,21199,19429,1060950,10482000
Kentucky,Robertson,21201, (D), (D), (D)
Kentucky,Rockcastle,21203,1441,65122, (D)
Kentucky,Rowan,21205,957,42340,423000
Kentucky,Russell,21207,10202,546095,4578000
Kentucky,Scott,21209,3917,203541,1851000
Kentucky,Shelby,21211,34978,1889164,17809000
Kentucky,Simpson,21213,35776,1820588,17436000
Kentucky,Spencer,21215,10074,514784,4895000
Kentucky,Taylor,21217,16200,879710,8862000
Kentucky,Todd,21219,51501,2639610,25237000
Kentucky,Trigg,21221,25005,1262894,12388000
Kentucky,Trimble,21223,10613,496731,4621000
Kentucky,Union,21225,73081,4322477,42233000
Kentucky,Warren,21227,44831,2291673,22471000
Kentucky,Washington,21229,4566,241328,2354000
Kentucky,Wayne,21231,8587,465647,4514000
Kentucky,Webster,21233,52613,2688325,25378000
Kentucky,Whitley,21235,30,1800,15000
Kentucky,Woodford,21239,5692,317913,2941000
Louisiana,Acadia,22001,32993,1232671, (D)
Louisiana,Allen,22003, (D), (D), (D)
Louisiana,Ascension,22005,7007,258946,2481000
Louisiana,Assumption,22007,6980,278489,2737000
Louisiana,Avoyelles,22009,92162,4471930,43236000
Louisiana,Beauregard,22011,4532,160005,1506000
Louisiana,Bossier,22015,9160,424782,4128000
Louisiana,Caddo,22017,14083,725120,6492000
Louisiana,Calcasieu,22019,1128,37900,387000
Louisiana,Caldwell,22021,5080,196208, (D)
Louisiana,Cameron,22023,950,39500,395000
Louisiana,Catahoula,22025,71916,3722696,36343000
Louisiana,Claiborne,22027,1200,42000,420000
Louisiana,Concordia,22029,125756,7014583,66587000
Louisiana,De Soto,22031, (D), (D), (D)
Louisiana,East Baton Rouge,22033, (D), (D), (D)
Louisiana,East Carroll,22035,126555,8237991,79923000
Louisiana,East Feliciana,22037, (D), (D), (D)
Louisiana,Evangeline,22039,25790,992056,9678000
Louisiana,Franklin,22041,51807,3061560,29982000
Louisiana,Grant,22043,4793,250074,2176000
Louisiana,Iberia,22045,6976,325384,3572000
Louisiana,Iberville,22047,15121,873320, (D)
Louisiana,Jefferson Davis,22053,11465,355176,3360000
Louisiana,Lafayette,22055,3737,149080,1426000
Louisiana,Lafourche,22057, (D), (D), (D)
Louisiana,La Salle,22059, (D), (D), (D)
Louisiana,Madison,22065,101521,5734523,56618000
Louisiana,Morehouse,22067,75704,4613109,44587000
Louisiana,Natchitoches,22069,20827,981070,9650000
Louisiana,Ouachita,22073,16142,844736,8279000
Louisiana,Pointe Coupee,22077,57109,3073816,29828000
Louisiana,Rapides,22079,51163,2506823,24933000
Louisiana,Red River,22081,6165,295212,2920000
Louisiana,Richland,22083,43254,2468213,23640000
Louisiana,Saint James,22093,4946,217018,2197000
Louisiana,St. John The Baptist,22095, (D), (D), (D)
Louisiana,Saint Landry,22097,97115,4213000,39314000
Louisiana,Saint Martin,22099,9238,382965,3782000
Louisiana,Saint Mary,22101,4688,214449,2181000
Louisiana,Tangipahoa,22105,867,31838,318000
Louisiana,Tensas,22107,61226,3906149,36342000
Louisiana,Terrebonne,22109, (D), (D), (D)
Louisiana,Vermilion,22113,7524,268923,2655000
Louisiana,Washington,22117,3019,153480,1522000
Louisiana,West Baton Rouge,22121,9148,520404, (D)
Louisiana,West Carroll,22123,50247,3115697,31728000
Louisiana,West Feliciana,22125, (D), (D), (D)
Maine,Aroostook,23003,1254,39229, (D)
Maine,Franklin,23007, (D), (D), (D)
Maine,Kennebec,23011, (D), (D), (D)
Maine,Penobscot,23019, (D), (D), (D)
Maine,Somerset,23025, (D), (D), (D)
Maine,York,23031, (D), (D), (D)
Maryland,Allegany,24001, (D), (D), (D)
Maryland,Anne Arundel,24003,4245,176519,1595000
Maryland,Baltimore,24005,13385,752533,6985000
Maryland,Calvert,24009,3263, (D), (D)
Maryland,Caroline,24011,49254,2498798,23295000
Maryland,Carroll,24013,29135,1445075,13194000
Maryland,Cecil,24015,18126,946255,8842000
Maryland,Charles,24017,8842,415657,3744000
Maryland,Dorchester,24019,47140,2464332,22338000
Maryland,Frederick,24021,41503,2103469,19593000
Maryland,Garrett,24023,3425,140275, (D)
Maryland,Harford,24025,15001,788061,7522000
Maryland,Howard,24027, (D),167926,1464000
Maryland,Kent,24029,47110,2449545,22279000
Maryland,Montgomery,24031,14559,834356,6713000
Maryland,Prince Georges,24033,3610,135853, (D)
Maryland,Queen Annes,24035,59334,3122609,28450000
Maryland,St Marys,24037,15056,686201,6091000
Maryland,Somerset,24039,19469,1079068,9692000
Maryland,Talbot,24041,39307,1994869,17659000
Maryland,Washington,24043,18978,1039837,9129000
Maryland,Wicomico,24045,24979,1062007,9551000
Maryland,Worcester,24047,33401,1627999,15096000
Massachusetts,Berkshire,25003, (D), (D), (D)
Massachusetts,Hampden,25013, (D), (D), (D)
Massachusetts,Hampshire,25015,127,7280,69000
Massachusetts,Worcester,25027, (D), (D), (D)
Michigan,Alcona,26001,3095,134862,1225000
Michigan,Allegan,26005,52974,2621381,24770000
Michigan,Alpena,26007,7841,285006,2421000
Michigan,Antrim,26009,1761,65877,591000
Michigan,Arenac,26011,21514,929686,9486000
Michigan,Barry,26015,35441,1564120,14722000
Michigan,Bay,26017,62837,2913203,27155000
Michigan,Benzie,26019, (D), (D), (D)
Michigan,Berrien,26021,43163,1887041,17627000
Michigan,Branch,26023,81501,3523111,31212000
Michigan,Calhoun,26025,73670,2814313,26507000
Michigan,Cass,26027,59407,2742155,24942000
Michigan,Charlevoix,26029, (D), (D), (D)
Michigan,Cheboygan,26031, (D), (D), (D)
Michigan,Clare,26035,2824,112817,1078000
Michigan,Clinton,26037,76885,3187501,29435000
Michigan,Delta,26041, (D), (D), (D)
Michigan,Eaton,26045,89937,3841335,35693000
Michigan,Genesee,26049,48961,1780176,16624000
Michigan,Gladwin,26051,7409,283288,2623000
Michigan,Grand Traverse,26055,1947,66431,632000
Michigan,Gratiot,26057,100574,4228815,40004000
Michigan,Hillsdale,26059,91124,3803596,35674000
Michigan,Huron,26063,66153,3399190,31057000
Michigan,Ingham,26065,65526,2782725,26198000
Michigan,Ionia,26067,72065,3114324,28998000
Michigan,Iosco,26069,2646,103240,964000
Michigan,Iron,26071, (D), (D), (D)
Michigan,Isabella,26073,70610,2996205,28615000
Michigan,Jackson,26075,43887,1501946,13858000
Michigan,Kalamazoo,26077,36566,1752011,16340000
Michigan,Kalkaska,26079, (D), (D), (D)
Michigan,Kent,26081,28905,1206582,11707000
Michigan,Lake,26085,580,24579,227000
Michigan,Lapeer,26087,52197,2107348,19140000
Michigan,Leelanau,26089,565, (D), (D)
Michigan,Lenawee,26091,152255,7386531,70799000
Michigan,Livingston,26093,24325,955776,8696000
Michigan,Macomb,26099,35141,1357327,12701000
Michigan,Manistee,26101,329,6535,83000
Michigan,Mason,26105,7474,323417,3069000
Michigan,Mecosta,26107,7227,262628,2201000
Michigan,Menominee,26109,612,6897, (D)
Michigan,Midland,26111,27805,1186870,11162000
Michigan,Monroe,26115,99914,4716393,43674000
Michigan,Montcalm,26117,33790,1165986,11013000
Michigan,Montmorency,26119,3798,138225,1279000
Michigan,Muskegon,26121,10639,438059,4053000
Michigan,Newaygo,26123,16064,533503,4959000
Michigan,Oakland,26125,2495,94804,898000
Michigan,Oceana,26127,8841,362230,3265000
Michigan,Ogemaw,26129,6059,258624,2340000
Michigan,Osceola,26133,1479,63441,607000
Michigan,Oscoda,26135,120,3340,32000
Michigan,Otsego,26137,889,22031,209000
Michigan,Ottawa,26139,41154,1881791,17740000
Michigan,Presque Isle,26141,5198,204214,1821000
Michigan,Saginaw,26145,128150,5506777,50775000
Michigan,St Clair,26147,93558,3659730,33039000
Michigan,St Joseph,26149,63509,2994733,26671000
Michigan,Sanilac,26151,139410,6508775,61207000
Michigan,Schoolcraft,26153, (D), (D), (D)
Michigan,Shiawassee,26155,94305,3682776,33561000
Michigan,Tuscola,26157,84455,3707205,36967000
Michigan,Van Buren,26159,28063,1346118,12899000
Michigan,Washtenaw,26161,62682,2307053,21528000
Michigan,Wayne,26163,3657,114392,1013000
Michigan,Wexford,26165, (D), (D), (D)
Minnesota,Aitkin,27001,4995,172084,1493000
Minnesota,Anoka,27003,5489,232213,2330000
Minnesota,Becker,27005,86237,3089889,28477000
Minnesota,Beltrami,27007,17782,475414,4055000
Minnesota,Benton,27009,54340,2081362,18830000
Minnesota,Big Stone,27011,117604,5420748,49019000
Minnesota,Blue Earth,27013,161950,9246445,84883000
Minnesota,Brown,27015,134274,7223683,66299000
Minnesota,Carver,27019,48084,2413639,22470000
Minnesota,Cass,27021, (D), (D), (D)
Minnesota,Chippewa,27023,109184,5308475,48637000
Minnesota,Chisago,27025,31368,1210601,11052000
Minnesota,Clay,27027,210459,7864217,72584000
Minnesota,Clearwater,27029,16293,505157,4488000
Minnesota,Cottonwood,27033,152023,8528137,78934000
Minnesota,Crow Wing,27035,4855,236011,2225000
Minnesota,Dakota,27037,65489,3373894,31032000
Minnesota,Dodge,27039,92757,5040411,46247000
Minnesota,Douglas,27041,82326,3510498,32278000
Minnesota,Faribault,27043,171440,9833806,90634000
Minnesota,Fillmore,27045,82605,4342668,39328000
Minnesota,Freeborn,27047,157334,8562606,80455000
Minnesota,Goodhue,27049,113522,6122650,57383000
Minnesota,Grant,27051,126077,5768640,52468000
Minnesota,Hennepin,27053,14765,712695,6346000
Minnesota,Houston,27055,24820,1234243,10994000
Minnesota,Hubbard,27057,1540,57390, (D)
Minnesota,Isanti,27059,35367,1231602,11663000
Minnesota,Itasca,27061,2818,71205,650000
Minnesota,Jackson,27063,158909,8738101,80225000
Minnesota,Kanabec,27065,16812,678742,6209000
Minnesota,Kandiyohi,27067,128626,5883274,54051000
Minnesota,Kittson,27069,150649,4579395,40455000
Minnesota,Koochiching,27071,3829,116393,1058000
Minnesota,Lac Qui Parle,27073,165882,7989923,72912000
Minnesota,Lake Of The Woods,27077,32859,959811,8515000
Minnesota,Le Sueur,27079,99778,5414062,49979000
Minnesota,Lincoln,27081,105213,4981525,45540000
Minnesota,Lyon,27083,154568,7848062,73363000
Minnesota,Mcleod,27085,97909,4596643,42298000
Minnesota,Mahnomen,27087,83420,2808440,25434000
Minnesota,Marshall,27089,321603,9562795,86466000
Minnesota,Martin,27091,179087,10346314,95808000
Minnesota,Meeker,27093,110033,5056740,46080000
Minnesota,Mille Lacs,27095,25469,866492,7772000
Minnesota,Morrison,27097,38723,1526903,13902000
Minnesota,Mower,27099,170760,9067637,83474000
Minnesota,Murray,27101,161709,8479082,78401000
Minnesota,Nicollet,27103,103642,5835913,52802000
Minnesota,Nobles,27105,176225,9212296,85260000
Minnesota,Norman,27107,216652,7359227,66890000
Minnesota,Olmsted,27109,69899,3731461,33970000
Minnesota,Otter Tail,27111,179243,7512012,68048000
Minnesota,Pennington,27113,110456,2860427,24949000
Minnesota,Pine,27115,11569,400298,3647000
Minnesota,Pipestone,27117,83912,4360226,39669000
Minnesota,Polk,27119,311160,10772149,96521000
Minnesota,Pope,27121,93627,4284557,39189000
Minnesota,Ramsey,27123, (D), (D), (D)
Minnesota,Red Lake,27125,71818,2289799,20129000
Minnesota,Redwood,27127,216964,11354746,104161000
Minnesota,Renville,27129,228655,11814235,108090000
Minnesota,Rice,27131,73043,3731692,34755000
Minnesota,Rock,27133,113772,6425767,58105000
Minnesota,Roseau,27135,188292,5449071,50945000
Minnesota,St. Louis,27137, (D), (D), (D)
Minnesota,Scott,27139,38130,1914638,17525000
Minnesota,Sherburne,27141,19533,906445,8100000
Minnesota,Sibley,27143,131259,7155182,64959000
Minnesota,Stearns,27145,114288,5280674,47767000
Minnesota,Steele,27147,88042,4749632,44381000
Minnesota,Stevens,27149,117546,5257845,47929000
Minnesota,Swift,27151,111264,5251564,47557000
Minnesota,Todd,27153,48600,1910373,16778000
Minnesota,Traverse,27155,167575,7748116,70384000
Minnesota,Wabasha,27157,40860,2236324,20278000
Minnesota,Wadena,27159,14188,616385,5658000
Minnesota,Waseca,27161,95958,5390080,50335000
Minnesota,Washington,27163,19583,933902,8790000
Minnesota,Watonwan,27165,103896,6046601,55786000
Minnesota,Wilkin,27167,170393,6735179,61122000
Minnesota,Winona,27169,34666,1780849,16492000
Minnesota,Wright,27171,87051,4006310,37343000
Minnesota,Yellow Medicine,27173,153832,7603239,69356000
Mississippi,Adams,28001,7219,299956,2873000
Mississippi,Alcorn,28003,16993,708538,7002000
Mississippi,Amite,28005,535,27250, (D)
Mississippi,Attala,28007,1616,62397, (D)
Mississippi,Benton,28009,13385,616627,5537000
Mississippi,Bolivar,28011,289325,15925710,154530000
Mississippi,Calhoun,28013,26244,1065252,9427000
Mississippi,Carroll,28015,12719,738574,7212000
Mississippi,Chickasaw,28017,38912,1500382,14625000
Mississippi,Choctaw,28019,900,47700,471000
Mississippi,Claiborne,28021,3560,177679,1733000
Mississippi,Clay,28025,3732,158949,1576000
Mississippi,Coahoma,28027,103866,5883996,58465000
Mississippi,Copiah,28029, (D), (D), (D)
Mississippi,Covington,28031,1240,48667,481000
Mississippi,De Soto,28033,38545,1707106,16790000
Mississippi,Franklin,28037,1018,51535,470000
Mississippi,George,28039,1544, (D), (D)
Mississippi,Grenada,28043, (D), (D), (D)
Mississippi,Hancock,28045, (D), (D), (D)
Mississippi,Hinds,28049,10588,550051,5418000
Mississippi,Holmes,28051,22726,1306360, (D)
Mississippi,Humphreys,28053,73594,3838184,35708000
Mississippi,Issaquena,28055,61390,2981279,28954000
Mississippi,Itawamba,28057,8412,313411,3027000
Mississippi,Jackson,28059, (D), (D), (D)
Mississippi,Jefferson,28063, (D), (D), (D)
Mississippi,Jefferson Davis,28065,1685,53030,521000
Mississippi,Jones,28067,2425,78426, (D)
Mississippi,Lafayette,28071,6228,221836,2195000
Mississippi,Lamar,28073,640,29466,293000
Mississippi,Lauderdale,28075, (D), (D), (D)
Mississippi,Lawrence,28077,5136,168985, (D)
Mississippi,Leake,28079,903,33214, (D)
Mississippi,Lee,28081,45499,1644614,15837000
Mississippi,Leflore,28083,125161,7774512,75852000
Mississippi,Lincoln,28085, (D), (D), (D)
Mississippi,Lowndes,28087,17762,669816,6470000
Mississippi,Madison,28089,11685,555258,5187000
Mississippi,Marion,28091, (D), (D), (D)
Mississippi,Marshall,28093,21573,915289,8923000
Mississippi,Monroe,28095,35117,1309843,12866000
Mississippi,Montgomery,28097,2116,83593,835000
Mississippi,Newton,28101,5530,268400,2621000
Mississippi,Noxubee,28103,18989,977286,9208000
Mississippi,Oktibbeha,28105,2630,70550, (D)
Mississippi,Panola,28107,31157,1396033,13907000
Mississippi,Pearl River,28109, (D), (D), (D)
Mississippi,Perry,28111,102,4080,36000
Mississippi,Pike,28113, (D), (D), (D)
Mississippi,Pontotoc,28115,32131,1214121,11643000
Mississippi,Prentiss,28117,23946,871719,8579000
Mississippi,Quitman,28119,79167,3476267,31846000
Mississippi,Rankin,28121,9413,466764,4580000
Mississippi,Scott,28123,4349,194965,1983000
Mississippi,Sharkey,28125,94485,5534472,54063000
Mississippi,Simpson,28127,3060,182699,1733000
Mississippi,Smith,28129, (D), (D), (D)
Mississippi,Sunflower,28133,234373,14089970,137517000
Mississippi,Tallahatchie,28135,112633,6033009,59205000
Mississippi,Tate,28137,23797,1074190,10394000
Mississippi,Tippah,28139,14753,712935,6942000
Mississippi,Tishomingo,28141,322,12138,115000
Mississippi,Tunica,28143,94599,4637800,42061000
Mississippi,Union,28145,22305,890389,8432000
Mississippi,Walthall,28147,3333,131394,1129000
Mississippi,Warren,28149,15632,766291,7573000
Mississippi,Washington,28151,250753,16056803,153895000
Mississippi,Wayne,28153, (D), (D), (D)
Mississippi,Webster,28155,9177,293114,2808000
Mississippi,Wilkinson,28157,3340,143468, (D)
Mississippi,Winston,28159,779,32419, (D)
Mississippi,Yalobusha,28161,6174,282566, (D)
Mississippi,Yazoo,28163,54148,2849356,27840000
Missouri,Adair,29001,45641,2177568,19829000
Missouri,Andrew,29003,66318,3255466,31325000
Missouri,Atchison,29005,138704,7487975,67840000
Missouri,Audrain,29007,163441,8212481,76399000
Missouri,Barry,29009,9254,441034,4506000
Missouri,Barton,29011,92383,4019606,36748000
Missouri,Bates,29013,113023,5543340,52101000
Missouri,Benton,29015,16135,713495,6614000
Missouri,Bollinger,29017,30238,1225043,11533000
Missouri,Boone,29019,49116,2251390,21156000
Missouri,Buchanan,29021,63769,3112321,28151000
Missouri,Butler,29023,114700,5648105,51731000
Missouri,Caldwell,29025,65800,2960024,28339000
Missouri,Callaway,29027,67960,3250196,32503000
Missouri,Camden,29029, (D), (D), (D)
Missouri,Cape Girardeau,29031,99494,4608889,43865000
Missouri,Carroll,29033,143068,7234224,66852000
Missouri,Cass,29037,85170,3615795,33872000
Missouri,Cedar,29039,8834,388434,2649000
Missouri,Chariton,29041,121450,5617198,51801000
Missouri,Christian,29043,135,5960, (D)
Missouri,Clark,29045,69322,3574562,33456000
Missouri,Clay,29047,22033,1032094,9146000
Missouri,Clinton,29049,66760,3630925,34120000
Missouri,Cole,29051,13206,683547,6162000
Missouri,Cooper,29053,62810,3344250,31248000
Missouri,Crawford,29055,1301,55775,530000
Missouri,Dade,29057,34154,1441048,12937000
Missouri,Dallas,29059,1411,66006,651000
Missouri,Daviess,29061,75597,2888425,25916000
Missouri,De Kalb,29063,51430,2353763,22235000
Missouri,Dent,29065,258,11080, (D)
Missouri,Dunklin,29069,115160,5548356,53041000
Missouri,Franklin,29071,30500,1357504,12875000
Missouri,Gasconade,29073,17197,746854,7139000
Missouri,Gentry,29075,51218,2294473,20772000
Missouri,Greene,29077,4209,160961,1403000
Missouri,Grundy,29079,67665,3065919,28019000
Missouri,Harrison,29081,83366,3568987,34366000
Missouri,Henry,29083,84265,3821914,35597000
Missouri,Hickory,29085,4309,215693,1972000
Missouri,Holt,29087,88472,4936707,45212000
Missouri,Howard,29089,49236,2250150,20280000
Missouri,Howell,29091, (D), (D), (D)
Missouri,Iron,29093,342,11895, (D)
Missouri,Jackson,29095,32182,1508150,13528000
Missouri,Jasper,29097,49293,2013688,18560000
Missouri,Jefferson,29099,5177,195535,1845000
Missouri,Johnson,29101,72704,3276238,30135000
Missouri,Knox,29103,56483,2753625,25738000
Missouri,Laclede,29105,1224,49054,473000
Missouri,Lafayette,29107,115798,6107945,55710000
Missouri,Lawrence,29109,18263,743965,6898000
Missouri,Lewis,29111,60577,3079077,27905000
Missouri,Lincoln,29113,75200,3200257,29007000
Missouri,Linn,29115,75035,3025466,26857000
Missouri,Livingston,29117,115032,5326662,49659000
Missouri,Mcdonald,29119,1618,75711,707000
Missouri,Macon,29121,86816,3993854,37522000
Missouri,Madison,29123,938,32100,316000
Missouri,Maries,29125,4660,199800,1608000
Missouri,Marion,29127,85133,3987230,37284000
Missouri,Mercer,29129,29217,1273271,11909000
Missouri,Miller,29131,4872,243823,2256000
Missouri,Mississippi,29133,171368,9171989,87301000
Missouri,Moniteau,29135,27865,1318836,12250000
Missouri,Monroe,29137,93063,4590296,42861000
Missouri,Montgomery,29139,64248,3304473,30626000
Missouri,Morgan,29141,17435,890919,8161000
Missouri,New Madrid,29143,242140,12238863,113492000
Missouri,Newton,29145,10430,573912,5089000
Missouri,Nodaway,29147,127839,6486362,60154000
Missouri,Oregon,29149, (D), (D), (D)
Missouri,Osage,29151,14543,730574,6810000
Missouri,Ozark,29153, (D), (D), (D)
Missouri,Pemiscot,29155,182133,9000620,84109000
Missouri,Perry,29157,45389,2037612,19196000
Missouri,Pettis,29159,96803,4799536,43950000
Missouri,Phelps,29161,195,9120,83000
Missouri,Pike,29163,87229,4106452,38491000
Missouri,Platte,29165,56787,2903954,27646000
Missouri,Polk,29167,7216,312344,3098000
Missouri,Pulaski,29169, (D), (D), (D)
Missouri,Putnam,29171,31781,1249324,11705000
Missouri,Ralls,29173,69505,3171000,29588000
Missouri,Randolph,29175,50178,2055619,19372000
Missouri,Ray,29177,76172,3613413,33453000
Missouri,Ripley,29181,7254,323113,2761000
Missouri,St Charles,29183,61409,2948383,28494000
Missouri,St Clair,29185,34997,1697575,15683000
Missouri,Ste Genevieve,29186,23570,1023829,10043000
Missouri,St Francois,29187,2800,115422,1124000
Missouri,St Louis,29189,8818,363176,3319000
Missouri,Saline,29195,158890,8822739,81794000
Missouri,Schuyler,29197,19565,795572,7387000
Missouri,Scotland,29199,67616,3126149,30120000
Missouri,Scott,29201,106783,4931943,47056000
Missouri,Shannon,29203, (D), (D), (D)
Missouri,Shelby,29205,108845,4906878,46565000
Missouri,Stoddard,29207,208341,9659511,90077000
Missouri,Sullivan,29211,36074,1627574,16177000
Missouri,Taney,29213, (D), (D), (D)
Missouri,Texas,29215, (D), (D), (D)
Missouri,Vernon,29217,99760,4492418,41288000
Missouri,Warren,29219,38114,1866986,17316000
Missouri,Washington,29221,686,30491, (D)
Missouri,Wayne,29223,10920,406386,4332000
Missouri,Webster,29225,1139,45317,363000
Missouri,Worth,29227,19830,884067,8140000
Missouri,Wright,29229, (D), (D), (D)
Montana,Big Horn,30003,736,19451,180000
Montana,Blaine,30005,154,5114,45000
Montana,Broadwater,30007, (D), (D), (D)
Montana,Carbon,30009, (D), (D), (D)
Montana,Daniels,30019, (D), (D), (D)
Montana,Dawson,30021, (D), (D), (D)
Montana,Gallatin,30031, (D), (D), (D)
Montana,Hill,30041,429,2745, (D)
Montana,Liberty,30051, (D), (D), (D)
Montana,Mccone,30055, (D), (D), (D)
Montana,Phillips,30071,122,3640,30000
Montana,Ravalli,30081,150,5250, (D)
Montana,Richland,30083,2959,128961,1154000
Montana,Roosevelt,30085,725,21980,208000
Montana,Rosebud,30087,373,12000,109000
Montana,Sheridan,30091, (D), (D), (D)
Montana,Teton,30099,148,7932,75000
Montana,Treasure,30103,516,24374,176000
Montana,Valley,30105,1699,51454, (D)
Montana,Yellowstone,30111,321,18145,168000
Nebraska,Adams,31001,97197,5971743,53508000
Nebraska,Antelope,31003,121928,7019108,63943000
Nebraska,Arthur,31005, (D), (D), (D)
Nebraska,Banner,31007, (D), (D), (D)
Nebraska,Blaine,31009,360,18000,180000
Nebraska,Boone,31011,106825,6407607,57689000
Nebraska,Boyd,31015,28728,1631687,14009000
Nebraska,Brown,31017,8229,482748, (D)
Nebraska,Buffalo,31019,84860,5460529,49326000
Nebraska,Burt,31021,116813,6556387, (D)
Nebraska,Butler,31023,131661,7448005,66356000
Nebraska,Cass,31025,142608,7386381,66878000
Nebraska,Cedar,31027,140658,7497622,68226000
Nebraska,Chase,31029,18737,1096768,9871000
Nebraska,Cherry,31031,4627,222004,2154000
Nebraska,Cheyenne,31033,4998,273832,2390000
Nebraska,Clay,31035,86633,5663839,50131000
Nebraska,Colfax,31037,93604,5272601,47982000
Nebraska,Cuming,31039,133814,8030592,72406000
Nebraska,Custer,31041,81655,3977498,36608000
Nebraska,Dakota,31043,60163,3333154,30543000
Nebraska,Dawes,31045,871,33978,305000
Nebraska,Dawson,31047,69149,4325514,39298000
Nebraska,Deuel,31049,2784,114641,1030000
Nebraska,Dixon,31051,87217,4704081,42806000
Nebraska,Dodge,31053,140302,8124402,74831000
Nebraska,Douglas,31055,31694,1723999,15499000
Nebraska,Dundy,31057,5016,328820,2991000
Nebraska,Fillmore,31059,113624,6931500,61777000
Nebraska,Franklin,31061,58244,3580861,32152000
Nebraska,Frontier,31063,30057,1452793,13185000
Nebraska,Furnas,31065,46889,2455882,21658000
Nebraska,Gage,31067,197155,9477636,84214000
Nebraska,Garden,31069,2224,103805,944000
Nebraska,Garfield,31071,3092,170137, (D)
Nebraska,Gosper,31073,37175,2171034,19988000
Nebraska,Greeley,31077,37865,2171376,19586000
Nebraska,Hall,31079,51287,3363758,30902000
Nebraska,Hamilton,31081,79498,5243967,46518000
Nebraska,Harlan,31083,52082,3208928,28901000
Nebraska,Hayes,31085,8870,453205,3970000
Nebraska,Hitchcock,31087,3651,202837,1822000
Nebraska,Holt,31089,99289,5926625,53102000
Nebraska,Howard,31093,38761,2271751,21058000
Nebraska,Jefferson,31095,118018,5503632,48830000
Nebraska,Johnson,31097,49938,2172890,19417000
Nebraska,Kearney,31099,75697,4985766,45842000
Nebraska,Keith,31101,16258,1043516,9193000
Nebraska,Keya Paha,31103,4957,249335,2308000
Nebraska,Kimball,31105, (D), (D), (D)
Nebraska,Knox,31107,76708,3969754,36114000
Nebraska,Lancaster,31109,157651,7651134,68710000
Nebraska,Lincoln,31111,64933,3895660,35608000
Nebraska,Logan,31113,4067,224121,2023000
Nebraska,Loup,31115,802,40953,366000
Nebraska,Madison,31119,123031,7026358,63207000
Nebraska,Merrick,31121,65840,4113424,35536000
Nebraska,Morrill,31123,309,16508,151000
Nebraska,Nance,31125,54835,3159747,27605000
Nebraska,Nemaha,31127,107752,5383723,47761000
Nebraska,Nuckolls,31129,81764,4554145,40509000
Nebraska,Otoe,31131,151512,7339682,64599000
Nebraska,Pawnee,31133,78714,2912059,26358000
Nebraska,Perkins,31135,29316,1899541,16756000
Nebraska,Phelps,31137,88365,5875283,51721000
Nebraska,Pierce,31139,98667,5180636,46056000
Nebraska,Platte,31141,132206,7684620,69745000
Nebraska,Polk,31143,87668,5549834,49547000
Nebraska,Red Willow,31145,18057,1100469,9729000
Nebraska,Richardson,31147,116364,5618735,50725000
Nebraska,Rock,31149,15554,748558, (D)
Nebraska,Saline,31151,123216,6328215,55859000
Nebraska,Sarpy,31153,45032,2448192,21722000
Nebraska,Saunders,31155,174287,9634654,88374000
Nebraska,Scotts Bluff,31157, (D), (D), (D)
Nebraska,Seward,31159,123945,6858963,61949000
Nebraska,Sheridan,31161,1497,63660,577000
Nebraska,Sherman,31163,41328,2554581,25364000
Nebraska,Stanton,31167,77863,4449802,38188000
Nebraska,Thayer,31169,95533,5202434,46642000
Nebraska,Thurston,31173,82433,4584414,41734000
Nebraska,Valley,31175,43056,2475374,21905000
Nebraska,Washington,31177,92875,4966321,45619000
Nebraska,Wayne,31179,104424,5703396,51411000
Nebraska,Webster,31181,59658,3245989,28019000
Nebraska,Wheeler,31183,9618,576519,5224000
Nebraska,York,31185,108413,6952712,62189000
New Hampshire,Coos,33007, (D), (D), (D)
New Jersey,Atlantic,34001,256,13179,120000
New Jersey,Bergen,34003,36,1800,6000
New Jersey,Burlington,34005,18822,732562,6749000
New Jersey,Camden,34007, (D), (D), (D)
New Jersey,Cape May,34009,290,14618,110000
New Jersey,Cumberland,34011,10808,484301,4332000
New Jersey,Gloucester,34015,9861,414321,3853000
New Jersey,Hunterdon,34019,7987,356376,3211000
New Jersey,Mercer,34021,5501,208841,1887000
New Jersey,Middlesex,34023,3254,137907,1214000
New Jersey,Monmouth,34025,6508,269615,2572000
New Jersey,Morris,34027,239,10414,98000
New Jersey,Ocean,34029, (D), (D), (D)
New Jersey,Salem,34033,28844,1311395,11602000
New Jersey,Somerset,34035,2310,96639,835000
New Jersey,Sussex,34037,666,24742,232000
New Jersey,Warren,34041,8285,396763,3711000
New Mexico,Otero,35035,240,9600,120000
New York,Albany,36001, (D), (D), (D)
New York,Allegany,36003,740,35875,331000
New York,Broome,36007, (D), (D), (D)
New York,Cattaraugus,36009,3420,146862,1344000
New York,Cayuga,36011,29895,1277199,11927000
New York,Chautauqua,36013,4639,210613,1961000
New York,Chemung,36015,1221,53709,486000
New York,Chenango,36017,916,35198,360000
New York,Clinton,36019, (D), (D), (D)
New York,Columbia,36021,5347,252223,2347000
New York,Cortland,36023,1623,74263,632000
New York,Delaware,36025,546,30995,277000
New York,Dutchess,36027,812,39171,327000
New York,Erie,36029,6035,263064,2694000
New York,Essex,36031, (D), (D), (D)
New York,Franklin,36033,877,35130,332000
New York,Fulton,36035,78,3366, (D)
New York,Genesee,36037,14335,687866,6146000
New York,Herkimer,36043,2138,82256,768000
New York,Jefferson,36045,6276,262896,2307000
New York,Lewis,36049,911,41191,378000
New York,Livingston,36051,17147,805356,7233000
New York,Madison,36053,5805,249391,2020000
New York,Monroe,36055,14878,713065,6331000
New York,Montgomery,36057,3816,164701,1462000
New York,Niagara,36063,14692,717939,6600000
New York,Oneida,36065,7985,347706,3063000
New York,Onondaga,36067,8908,393017,3483000
New York,Ontario,36069,24055,1116090,10386000
New York,Orange,36071,2123,133971,1238000
New York,Orleans,36073,21614,1056311,9941000
New York,Oswego,36075,2871,114796,1068000
New York,Otsego,36077,1562,74704,661000
New York,Rensselaer,36083,1691,69890,640000
New York,St Lawrence,36089,4379,155997,1490000
New York,Saratoga,36091,619,25617,222000
New York,Schenectady,36093, (D), (D), (D)
New York,Schoharie,36095,474,26496,119000
New York,Schuyler,36097,2476,100639,922000
New York,Seneca,36099,23537,1052736,9794000
New York,Steuben,36101,6055,223183,1902000
New York,Suffolk,36103,31,1250,12000
New York,Tioga,36107,1190,55791,492000
New York,Tompkins,36109,3077,108510,957000
New York,Ulster,36111,405,18004,164000
New York,Washington,36115,305,11338,105000
New York,Wayne,36117,21375,885495,8149000
New York,Westchester,36119,3,135,1000
New York,Wyoming,36121,3706,166270,1475000
New York,Yates,36123,5935,276424,2658000
North Carolina,Alamance,37001,3527,120373,1100000
North Carolina,Alexander,37003,2746,90543,872000
North Carolina,Anson,37007,13242,374803,3631000
North Carolina,Ashe,37009, (D), (D), (D)
North Carolina,Beaufort,37013,59268,2704881,25400000
North Carolina,Bertie,37015,34957,1502440,14005000
North Carolina,Bladen,37017,18396,633694,5914000
North Carolina,Brunswick,37019,9225,306152,2932000
North Carolina,Burke,37023,2116,75533,730000
North Carolina,Cabarrus,37025,7126,286857,2797000
North Carolina,Caldwell,37027,1231,50004,592000
North Carolina,Camden,37029,30620,1328842,13229000
North Carolina,Carteret,37031, (D), (D), (D)
North Carolina,Caswell,37033,4116,150607,1519000
North Carolina,Catawba,37035,12004,424535,4017000
North Carolina,Chatham,37037,3208,108112,1011000
North Carolina,Cherokee,37039,63,3561, (D)
North Carolina,Chowan,37041,16069,687595,6492000
North Carolina,Clay,37043, (D), (D), (D)
North Carolina,Cleveland,37045,16418,630227,5661000
North Carolina,Columbus,37047,49224,1514772,14558000
North Carolina,Craven,37049,26333,993018,8844000
North Carolina,Cumberland,37051,13438,467387,4370000
North Carolina,Currituck,37053,20702,832212,8008000
North Carolina,Dare,37055, (D), (D), (D)
North Carolina,Davidson,37057,12841,440102,4030000
North Carolina,Davie,37059,11435,464635,4456000
North Carolina,Duplin,37061,60042,2238360,21362000
North Carolina,Durham,37063,209,3224,29000
North Carolina,Edgecombe,37065,41888,1542547,14124000
North Carolina,Forsyth,37067,3617,113232,901000
North Carolina,Franklin,37069,16145,461131,4367000
North Carolina,Gaston,37071,3419,130758,1161000
North Carolina,Gates,37073,24164,1020399,9670000
North Carolina,Granville,37077,6623,168085,1550000
North Carolina,Greene,37079,27660,1082065,10462000
North Carolina,Guilford,37081,9806,344398,3169000
North Carolina,Halifax,37083,42769,1585475,14929000
North Carolina,Harnett,37085,28475,815910,7845000
North Carolina,Haywood,37087, (D), (D), (D)
North Carolina,Henderson,37089,1677,70875,698000
North Carolina,Hertford,37091,17292,663661,6217000
North Carolina,Hoke,37093,10249,360961,3484000
North Carolina,Hyde,37095,40622,1958703,18600000
North Carolina,Iredell,37097,13504,474631,3998000
North Carolina,Johnston,37101,59855,1942126,18423000
North Carolina,Jones,37103,15289,663663,6355000
North Carolina,Lee,37105,7125,173671,1698000
North Carolina,Lenoir,37107,36513,1391175,13225000
North Carolina,Lincoln,37109,8906,333184,3022000
North Carolina,Mcdowell,37111, (D), (D), (D)
North Carolina,Macon,37113, (D), (D), (D)
North Carolina,Madison,37115,60,2400, (D)
North Carolina,Martin,37117,32911,1317758,12066000
North Carolina,Mecklenburg,37119,1302,55806,533000
North Carolina,Montgomery,37123,579,16902,164000
North Carolina,Moore,37125,4917,101841,1079000
North Carolina,Nash,37127,34328,1267516,12260000
North Carolina,Northampton,37131,38580,1576506,15142000
North Carolina,Onslow,37133,12528,403384,3881000
North Carolina,Orange,37135,4844,173409,1660000
North Carolina,Pamlico,37137,18107,721635,6966000
North Carolina,Pasquotank,37139,45967,2285690,22107000
North Carolina,Pender,37141,13520,480583,4805000
North Carolina,Perquimans,37143,45320,2029903,18955000
North Carolina,Person,37145,14971,393174,3813000
North Carolina,Pitt,37147,69913,2462255,23823000
North Carolina,Polk,37149, (D), (D), (D)
North Carolina,Randolph,37151,14242,484716,4462000
North Carolina,Richmond,37153,5948,151592,1433000
North Carolina,Robeson,37155,90026,3324474,31857000
North Carolina,Rockingham,37157,6903,233562,2263000
North Carolina,Rowan,37159,22591,952164,8691000
North Carolina,Rutherford,37161,1808,67851,645000
North Carolina,Sampson,37163,67379,2666699,25780000
North Carolina,Scotland,37165,13851,391941,3602000
North Carolina,Stanly,37167,14774,518640,4971000
North Carolina,Stokes,37169,4180,136984,1347000
North Carolina,Surry,37171,11933,451452,4127000
North Carolina,Transylvania,37175, (D), (D), (D)
North Carolina,Tyrrell,37177,26383,1139124,11203000
North Carolina,Union,37179,70770,2941596,28700000
North Carolina,Vance,37181,5821,150248,1344000
North Carolina,Wake,37183,14964,396585,4017000
North Carolina,Warren,37185,9268,301595,2897000
North Carolina,Washington,37187,31907,1429921,12901000
North Carolina,Wayne,37191,61263,2313058,22536000
North Carolina,Wilkes,37193,1602,69350,676000
North Carolina,Wilson,37195,40976,1782614,15552000
North Carolina,Yadkin,37197,16343,615871,5677000
North Dakota,Adams,38001,7063,91893,773000
North Dakota,Barnes,38003,407715,14871077,132446000
North Dakota,Benson,38005,202859,6815448,58046000
North Dakota,Billings,38007, (D), (D), (D)
North Dakota,Bottineau,38009,264490,8616670,75169000
North Dakota,Bowman,38011, (D), (D), (D)
North Dakota,Burke,38013,31263,734931,6551000
North Dakota,Burleigh,38015,63727,1991910,17390000
North Dakota,Cass,38017,588856,22056511,196321000
North Dakota,Cavalier,38019,199898,6133384,53377000
North Dakota,Dickey,38021,211676,8256223,73169000
North Dakota,Divide,38023,27181,463661,4036000
North Dakota,Dunn,38025,1053,25723,230000
North Dakota,Eddy,38027,83250,2948683,26816000
North Dakota,Emmons,38029,121933,4306708,37069000
North Dakota,Foster,38031,145661,5170202,42889000
North Dakota,Grand Forks,38035,244573,8340161,73897000
North Dakota,Grant,38037,6002,123055,1085000
North Dakota,Griggs,38039,140048,5109516,46373000
North Dakota,Hettinger,38041,5030,74529,592000
North Dakota,Kidder,38043,62213,2140830,18721000
North Dakota,La Moure,38045,333701,11498872,103747000
North Dakota,Logan,38047,109005,2990589,25771000
North Dakota,Mchenry,38049,108528,3063441,26496000
North Dakota,Mcintosh,38051,84064,2401132,20834000
North Dakota,Mckenzie,38053,2889,103146,741000
North Dakota,Mclean,38055,128482,3461961,29533000
North Dakota,Mercer,38057,7989,222714,1885000
North Dakota,Morton,38059,40610,1107812,9923000
North Dakota,Mountrail,38061,56625,1342034,11716000
North Dakota,Nelson,38063,151761,4962677,42504000
North Dakota,Oliver,38065,15647,497660,4379000
North Dakota,Pembina,38067,217471,7122131,61779000
North Dakota,Pierce,38069,110320,3089193,25952000
North Dakota,Ramsey,38071,185058,5939144,51486000
North Dakota,Ransom,38073,148434,6198422,53490000
North Dakota,Renville,38075,158165,4444959,38968000
North Dakota,Richland,38077,351437,14696310,131457000
North Dakota,Rolette,38079,69105,1959827,16643000
North Dakota,Sargent,38081,217294,9284158,81905000
North Dakota,Sheridan,38083,105398,2966277,25970000
North Dakota,Sioux,38085,2656,57860, (D)
North Dakota,Slope,38087,1200,22000,195000
North Dakota,Stark,38089,2145,35848,331000
North Dakota,Steele,38091,172812,6255186,55321000
North Dakota,Stutsman,38093,498462,17000985,148962000
North Dakota,Towner,38095,138023,4521388,38807000
North Dakota,Traill,38097,222634,8304189,72773000
North Dakota,Walsh,38099,162082,5153976,44950000
North Dakota,Ward,38101,214658,5445893,48212000
North Dakota,Wells,38103,238022,7922048,68851000
North Dakota,Williams,38105,15378,517113,4464000
Ohio,Adams,39001,29875,1414409,13034000
Ohio,Allen,39003,86780,4076900,38688000
Ohio,Ashland,39005,42907,1869699,16977000
Ohio,Ashtabula,39007,41344,1869014,17621000
Ohio,Athens,39009,2785,123947,1168000
Ohio,Auglaize,39011,96280,4875971,46362000
Ohio,Belmont,39013,180,4995,23000
Ohio,Brown,39015,99278,4833548,45473000
Ohio,Butler,39017,41127,1993557,18684000
Ohio,Carroll,39019,11296,458713,4267000
Ohio,Champaign,39021,76511,4226772,40154000
Ohio,Clark,39023,72282,4032237,38183000
Ohio,Clermont,39025,36854,1782668,16599000
Ohio,Clinton,39027,115103,6151759,58903000
Ohio,Columbiana,39029,26937,1221548,11541000
Ohio,Coshocton,39031,20926,956656,9019000
Ohio,Crawford,39033,112530,5842980,55147000
Ohio,Cuyahoga,39035, (D), (D), (D)
Ohio,Darke,39037,154962,7720995,73948000
Ohio,Defiance,39039,122763,4895349,45755000
Ohio,Delaware,39041,67409,3289339,31066000
Ohio,Erie,39043,37825,1874648,17488000
Ohio,Fairfield,39045,68989,3567965,33286000
Ohio,Fayette,39047,97538,5378424,51250000
Ohio,Franklin,39049,25099,1161019,11285000
Ohio,Fulton,39051,85396,4128717,39019000
Ohio,Gallia,39053,5943,290795,2829000
Ohio,Geauga,39055,7465,309391,2876000
Ohio,Greene,39057,73062,4040523,37986000
Ohio,Guernsey,39059,4240,201377,1935000
Ohio,Hamilton,39061,1920,101114, (D)
Ohio,Hancock,39063,129932,6354895,59506000
Ohio,Hardin,39065,120186,5182782,49525000
Ohio,Harrison,39067,3196,156083,1457000
Ohio,Henry,39069,114191,5428300,51006000
Ohio,Highland,39071,126973,6195806,57680000
Ohio,Hocking,39073,2806,144833,1341000
Ohio,Holmes,39075,19325,867150,8075000
Ohio,Huron,39077,121114,5961098,57143000
Ohio,Jackson,39079,3430,172878,1611000
Ohio,Jefferson,39081,479,18226,165000
Ohio,Knox,39083,54782,2686948,25244000
Ohio,Lake,39085,753,25034,226000
Ohio,Lawrence,39087,859,40804,381000
Ohio,Licking,39089,69392,3387842,32306000
Ohio,Logan,39091,88676,4226146,40524000
Ohio,Lorain,39093,57754,2482120,23245000
Ohio,Lucas,39095,29845,1297774,12434000
Ohio,Madison,39097,123616,6639853,63330000
Ohio,Mahoning,39099,16019,713583,6568000
Ohio,Marion,39101,114102,5299500,48899000
Ohio,Medina,39103,39063,1531541,14288000
Ohio,Meigs,39105,4709,225613,2151000
Ohio,Mercer,39107,109812,5698083,53858000
Ohio,Miami,39109,76036,4054794,38501000
Ohio,Monroe,39111,187,6860, (D)
Ohio,Montgomery,39113,44635,2246008,21083000
Ohio,Morgan,39115,3087,135411,1299000
Ohio,Morrow,39117,70220,3241318,29862000
Ohio,Muskingum,39119,18036,865570,8224000
Ohio,Noble,39121, (D), (D), (D)
Ohio,Ottawa,39123,75594,3290069,30457000
Ohio,Paulding,39125,120688,4830325,44706000
Ohio,Perry,39127,17752,887094,8365000
Ohio,Pickaway,39129,132409,7400705,69808000
Ohio,Pike,39131,19561,998947,9690000
Ohio,Portage,39133,23650,929724,8653000
Ohio,Preble,39135,95861,5089732,48456000
Ohio,Putnam,39137,163194,7698686,71988000
Ohio,Richland,39139,42436,2053665,19610000
Ohio,Ross,39141,63869,3264981,30981000
Ohio,Sandusky,39143,89116,4248088,39769000
Ohio,Scioto,39145,15544,771537,7276000
Ohio,Seneca,39147,123121,5979224,56302000
Ohio,Shelby,39149,98264,4928748,46067000
Ohio,Stark,39151,29355,1232400,11362000
Ohio,Summit,39153,2183,73934,684000
Ohio,Trumbull,39155,33964,1595804,15065000
Ohio,Tuscarawas,39157,16857,824986,7495000
Ohio,Union,39159,113180,5922531,56063000
Ohio,Van Wert,39161,142004,7243175,68290000
Ohio,Vinton,39163,2348,131142, (D)
Ohio,Warren,39165,39785,1920295,18195000
Ohio,Washington,39167,10411,496436,4497000
Ohio,Wayne,39169,53087,2354327,22226000
Ohio,Williams,39171,94672,4357949,40884000
Ohio,Wood,39173,132719,5854092,54470000
Ohio,Wyandot,39175,109998,5203885,49752000
Oklahoma,Adair,40001,93,3260,31000
Oklahoma,Alfalfa,40003,23365,637362,5546000
Oklahoma,Atoka,40005, (D), (D), (D)
Oklahoma,Beaver,40007,1016,49682, (D)
Oklahoma,Beckham,40009, (D), (D), (D)
Oklahoma,Blaine,40011,1365,52103,391000
Oklahoma,Bryan,40013,2904,207012,1879000
Oklahoma,Caddo,40015,15953,586638,5247000
Oklahoma,Canadian,40017,3950,131996,1155000
Oklahoma,Carter,40019,50,750,7000
Oklahoma,Choctaw,40023,1921,90255, (D)
Oklahoma,Cleveland,40027, (D), (D), (D)
Oklahoma,Coal,40029,643,15180,134000
Oklahoma,Comanche,40031, (D), (D), (D)
Oklahoma,Craig,40035,10505,342947,3170000
Oklahoma,Creek,40037,705,19213,149000
Oklahoma,Custer,40039,6064,238188,1655000
Oklahoma,Delaware,40041,2121,72657,679000
Oklahoma,Dewey,40043, (D), (D), (D)
Oklahoma,Ellis,40045,599,19680,198000
Oklahoma,Garfield,40047,49252,1391637,10279000
Oklahoma,Garvin,40049,7190,199739,1588000
Oklahoma,Grady,40051,3177,85613,810000
Oklahoma,Grant,40053,74370,2032340,18527000
Oklahoma,Harper,40059, (D), (D), (D)
Oklahoma,Haskell,40061, (D), (D), (D)
Oklahoma,Hughes,40063,2539,59944,534000
Oklahoma,Jackson,40065, (D), (D), (D)
Oklahoma,Johnston,40069,1170,48450,443000
Oklahoma,Kay,40071,146074,3842300,33539000
Oklahoma,Kingfisher,40073,7645,247360,2213000
Oklahoma,Kiowa,40075,2317,60040,480000
Oklahoma,Latimer,40077,6,240,2000
Oklahoma,Leflore,40079,16232,546468,5048000
Oklahoma,Lincoln,40081,1636,53354,491000
Oklahoma,Logan,40083,3393,60910,567000
Oklahoma,Mcclain,40087,4773,134331,1233000
Oklahoma,Mccurtain,40089,7442,316694,2880000
Oklahoma,Major,40093,7679,377427,3436000
Oklahoma,Mayes,40097,11450,346223,3122000
Oklahoma,Muskogee,40101,12986,480428,4308000
Oklahoma,Noble,40103,40181,1040646,9187000
Oklahoma,Nowata,40105,10985,368882,3406000
Oklahoma,Okfuskee,40107,5358,167920,1557000
Oklahoma,Oklahoma,40109,1494,41460,374000
Oklahoma,Okmulgee,40111,2113,72965,666000
Oklahoma,Osage,40113,17097,432338,3816000
Oklahoma,Ottawa,40115,21771,761345,6789000
Oklahoma,Pawnee,40117,10784,212931,1991000
Oklahoma,Payne,40119,1697,43499,342000
Oklahoma,Pittsburg,40121,102,4080, (D)
Oklahoma,Pontotoc,40123,333,11174,99000
Oklahoma,Pottawatomie,40125,4133,136641,1207000
Oklahoma,Rogers,40131,2366,57282,517000
Oklahoma,Seminole,40133, (D), (D), (D)
Oklahoma,Sequoyah,40135,15608,601777,4898000
Oklahoma,Stephens,40137, (D), (D), (D)
Oklahoma,Texas,40139,12649,595956,5137000
Oklahoma,Tulsa,40143,3489,94628,827000
Oklahoma,Wagoner,40145,40424,1182487,10816000
Oklahoma,Washington,40147,9624,275681,2493000
Oklahoma,Washita,40149,4584,157010,1414000
Oklahoma,Woods,40151,1010,17593, (D)
Oklahoma,Woodward,40153, (D), (D), (D)
Oregon,Malheur,41045,24,560,5000
Oregon,Umatilla,41059, (D), (D), (D)
Oregon,Union,41061, (D), (D), (D)
Pennsylvania,Adams,42001,27115,1372078,12715000
Pennsylvania,Allegheny,42003,1114,54412,473000
Pennsylvania,Armstrong,42005,8882,371995,3284000
Pennsylvania,Beaver,42007,2039,85037,773000
Pennsylvania,Bedford,42009,9349,421502,3725000
Pennsylvania,Berks,42011,37374,1925065,17326000
Pennsylvania,Blair,42013,4134,190119,1700000
Pennsylvania,Bradford,42015,6562,257186,2313000
Pennsylvania,Bucks,42017,11738,570186,5006000
Pennsylvania,Butler,42019,13475,537250,4866000
Pennsylvania,Cambria,42021,7967,357702,3284000
Pennsylvania,Cameron,42023,26,1140, (D)
Pennsylvania,Carbon,42025,607,26412,229000
Pennsylvania,Centre,42027,11871,553950,4912000
Pennsylvania,Chester,42029,15567,904347,8422000
Pennsylvania,Clarion,42031,5452,214329,1749000
Pennsylvania,Clearfield,42033,703,25786,235000
Pennsylvania,Clinton,42035,4010,214451,2034000
Pennsylvania,Columbia,42037,14332,685956,6208000
Pennsylvania,Crawford,42039,22099,865428,7771000
Pennsylvania,Cumberland,42041,29172,1586871,13905000
Pennsylvania,Dauphin,42043,12228,624657,5645000
Pennsylvania,Erie,42049,14413,560685,4736000
Pennsylvania,Fayette,42051,4021,172414,1478000
Pennsylvania,Franklin,42055,27000,1476154,13307000
Pennsylvania,Fulton,42057,1268,53145,489000
Pennsylvania,Greene,42059,216,11190, (D)
Pennsylvania,Huntingdon,42061,3249,165186,1580000
Pennsylvania,Indiana,42063,18530,828552,7612000
Pennsylvania,Jefferson,42065,3953,161772,1488000
Pennsylvania,Juniata,42067,8229,378770,3353000
Pennsylvania,Lackawanna,42069, (D), (D), (D)
Pennsylvania,Lancaster,42071,39822,2453247,22622000
Pennsylvania,Lawrence,42073,11866,484260,4323000
Pennsylvania,Lebanon,42075,15820,840985,7678000
Pennsylvania,Lehigh,42077,18519,939580,8581000
Pennsylvania,Luzerne,42079,3226,138801,1225000
Pennsylvania,Lycoming,42081,9879,445761,4065000
Pennsylvania,Mckean,42083, (D), (D), (D)
Pennsylvania,Mercer,42085,22846,951219,8775000
Pennsylvania,Mifflin,42087,6084,327037,2970000
Pennsylvania,Monroe,42089,1985,87582,799000
Pennsylvania,Montgomery,42091,2961,144261,1349000
Pennsylvania,Montour,42093,7945,353360,3280000
Pennsylvania,Northampton,42095,13287,586269,5287000
Pennsylvania,Northumberland,42097,24706,1198066,11347000
Pennsylvania,Perry,42099,12498,646792,5745000
Pennsylvania,Potter,42105,557,17085,165000
Pennsylvania,Schuylkill,42107,12737,623984,5530000
Pennsylvania,Snyder,42109,15397,755468,7088000
Pennsylvania,Somerset,42111,14847,580673,5279000
Pennsylvania,Sullivan,42113,407,21790,202000
Pennsylvania,Susquehanna,42115, (D),2710, (D)
Pennsylvania,Tioga,42117,2649,120042,899000
Pennsylvania,Union,42119,11578,586229,5326000
Pennsylvania,Venango,42121,4382,180419,1572000
Pennsylvania,Warren,42123,1094,41973,342000
Pennsylvania,Washington,42125,2525,124523,1132000
Pennsylvania,Wayne,42127, (D), (D), (D)
Pennsylvania,Westmoreland,42129,14445,677182,6087000
Pennsylvania,Wyoming,42131,914,36605,340000
Pennsylvania,York,42133,49925,2619710,23986000
South Carolina,Abbeville,45001,254,8011,40000
South Carolina,Aiken,45003,3122,87621,797000
South Carolina,Allendale,45005,7481,269704,2661000
South Carolina,Anderson,45007,7228,153783,1460000
South Carolina,Bamberg,45009,8014,233023,2219000
South Carolina,Barnwell,45011,1425,38560,411000
South Carolina,Beaufort,45013,440,13614, (D)
South Carolina,Berkeley,45015,1736,53068,520000
South Carolina,Calhoun,45017,3443,109599,1054000
South Carolina,Charleston,45019,265,9676, (D)
South Carolina,Cherokee,45021,3781,173161,1653000
South Carolina,Chester,45023, (D), (D), (D)
South Carolina,Chesterfield,45025,16690,660940,6439000
South Carolina,Clarendon,45027,27709,1101164,10468000
South Carolina,Colleton,45029,3413,108198,994000
South Carolina,Darlington,45031,30167,1097939,10427000
South Carolina,Dillon,45033,32468,1254226,12126000
South Carolina,Dorchester,45035,4790,174265,1630000
South Carolina,Edgefield,45037,1058,36565,209000
South Carolina,Florence,45041,44165,1599430,14393000
South Carolina,Georgetown,45043,1431,52783, (D)
South Carolina,Greenville,45045,471,16807,159000
South Carolina,Hampton,45049,3579,121500,1125000
South Carolina,Horry,45051,37568,1161767,10448000
South Carolina,Kershaw,45055,1016,32488,311000
South Carolina,Lancaster,45057,742, (D), (D)
South Carolina,Laurens,45059, (D), (D), (D)
South Carolina,Lee,45061,26108,1036576,9736000
South Carolina,Lexington,45063,2898,80490,769000
South Carolina,Mccormick,45065, (D), (D), (D)
South Carolina,Marion,45067,7563,297431,2826000
South Carolina,Marlboro,45069,12846,489777,4623000
South Carolina,Newberry,45071,3089,94873,901000
South Carolina,Oconee,45073,1892,53603,500000
South Carolina,Orangeburg,45075,21810,869364,8248000
South Carolina,Pickens,45077,253,5332, (D)
South Carolina,Richland,45079,2843,115705,1103000
South Carolina,Saluda,45081,594,15320,144000
South Carolina,Spartanburg,45083,3454,116727,1134000
South Carolina,Sumter,45085,27561,951495,8958000
South Carolina,Union,45087, (D), (D), (D)
South Carolina,Williamsburg,45089,35714,1219288,10812000
South Carolina,York,45091,618,22284,148000
South Dakota,Aurora,46003,74807,3362876,29311000
South Dakota,Beadle,46005,205280,8721592,74948000
South Dakota,Bennett,46007,15026,423568,3778000
South Dakota,Bon Homme,46009,87674,4093108,37343000
South Dakota,Brookings,46011,116221,5817478,50857000
South Dakota,Brown,46013,381167,15471367,137450000
South Dakota,Brule,46015,76834,2985851,23865000
South Dakota,Buffalo,46017,19531,584537,4931000
South Dakota,Butte,46019, (D),24869,195000
South Dakota,Campbell,46021,71766,2393841,21375000
South Dakota,Charles Mix,46023,147560,6586828,56277000
South Dakota,Clark,46025,179895,7905336,69134000
South Dakota,Clay,46027,96904,5015609,44784000
South Dakota,Codington,46029,91395,4156592,36714000
South Dakota,Corson,46031,9984,176923,1662000
South Dakota,Davison,46035,81180,3589945,32681000
South Dakota,Day,46037,184075,7620195,68211000
South Dakota,Deuel,46039,77471,3314265,29606000
South Dakota,Dewey,46041,2508,77434,1006000
South Dakota,Douglas,46043,81353,3277116,27709000
South Dakota,Edmunds,46045,251359,8702131,78359000
South Dakota,Faulk,46049,166167,6265496,55586000
South Dakota,Grant,46051,109149,4770994,42338000
South Dakota,Gregory,46053,48608,2075352,18289000
South Dakota,Haakon,46055,8094,336194,3014000
South Dakota,Hamlin,46057,95265,4439180,39197000
South Dakota,Hand,46059,243929,8310058,75199000
South Dakota,Hanson,46061,100077,4454132,39836000
South Dakota,Hughes,46065,25252,835663,7367000
South Dakota,Hutchinson,46067,144480,6567181,57811000
South Dakota,Hyde,46069,28759,907787,8090000
South Dakota,Jackson,46071,1548, (D), (D)
South Dakota,Jerauld,46073,81445,2861938,26335000
South Dakota,Jones,46075,1783,46492,418000
South Dakota,Kingsbury,46077,158404,6993505,61980000
South Dakota,Lake,46079,88906,4675130,42013000
South Dakota,Lincoln,46083,120091,6019133,54543000
South Dakota,Lyman,46085,23057,759175,6950000
South Dakota,Mccook,46087,126400,6557189,58742000
South Dakota,Mcpherson,46089,91452,2982036,26395000
South Dakota,Marshall,46091,124285,5271706,46895000
South Dakota,Mellette,46095, (D), (D), (D)
South Dakota,Miner,46097,86163,4159990,34182000
South Dakota,Minnehaha,46099,130050,6880909,61464000
South Dakota,Moody,46101,89007,4759377,41794000
South Dakota,Pennington,46103,5309,23945,194000
South Dakota,Perkins,46105,3260,104270,933000
South Dakota,Potter,46107,82733,2660312,23480000
South Dakota,Roberts,46109,190210,8255456,72961000
South Dakota,Sanborn,46111,54535,2558725,22646000
South Dakota,Spink,46115,399152,16178741,143255000
South Dakota,Stanley,46117,2371,50440, (D)
South Dakota,Sully,46119,40259,1255751,11472000
South Dakota,Todd,46121,2838,93520,922000
South Dakota,Tripp,46123,47989,1472586,12424000
South Dakota,Turner,46125,149326,7742813,68679000
South Dakota,Union,46127,115615,6342303,56990000
South Dakota,Walworth,46129,66937,2382803,21358000
South Dakota,Yankton,46135,98393,5152242,46348000
South Dakota,Ziebach,46137,17850,323371, (D)
Tennessee,Anderson,47001,3,30, (Z)
Tennessee,Bedford,47003,19889,917576,8427000
Tennessee,Benton,47005,11516,420172,3999000
Tennessee,Bledsoe,47007,1250,58690,478000
Tennessee,Blount,47009,2361,102203,955000
Tennessee,Bradley,47011,3839,157428, (D)
Tennessee,Campbell,47013, (D), (D), (D)
Tennessee,Cannon,47015,15179,732037,7280000
Tennessee,Carroll,47017,31220,1441576,13497000
Tennessee,Carter,47019, (D), (D), (D)
Tennessee,Cheatham,47021,7450,301197,2984000
Tennessee,Chester,47023,22883,1039297,9596000
Tennessee,Claiborne,47025, (D), (D), (D)
Tennessee,Clay,47027,741,36250, (D)
Tennessee,Cocke,47029,2153,118036,950000
Tennessee,Coffee,47031,31424,1605294,14882000
Tennessee,Crockett,47033,58832,2961679,29899000
Tennessee,Cumberland,47035,128, (D),47000
Tennessee,Davidson,47037, (D), (D), (D)
Tennessee,Decatur,47039,7574,319546,3108000
Tennessee,De Kalb,47041,4324,228422,2240000
Tennessee,Dickson,47043,4469,208655,2007000
Tennessee,Dyer,47045,173059,8304654,78903000
Tennessee,Fayette,47047,74717,3239454,30331000
Tennessee,Fentress,47049,1021,55371,536000
Tennessee,Franklin,47051,18813,1035860,9786000
Tennessee,Gibson,47053,125271,6044006,58476000
Tennessee,Giles,47055,10741,544545,5339000
Tennessee,Greene,47059,4281,176483,1698000
Tennessee,Grundy,47061,1764,101816,907000
Tennessee,Hamblen,47063,4192,145977,1433000
Tennessee,Hamilton,47065, (D), (D), (D)
Tennessee,Hancock,47067,45,2250,22000
Tennessee,Hardeman,47069,29553,1381339,12735000
Tennessee,Hardin,47071,36907,1696847,15946000
Tennessee,Hawkins,47073,612,31657,309000
Tennessee,Haywood,47075,80212,3761471,36230000
Tennessee,Henderson,47077,23382,1101316,10324000
Tennessee,Henry,47079,46893,2255573,21364000
Tennessee,Hickman,47081,8626,392794,3800000
Tennessee,Humphreys,47085,2624,125065,1192000
Tennessee,Jackson,47087,30,1500,
Tennessee,Jefferson,47089,2472,122105,1396000
Tennessee,Knox,47093,452,18643,144000
Tennessee,Lake,47095,60054,2998084,28282000
Tennessee,Lauderdale,47097,84322,4014630,38941000
Tennessee,Lawrence,47099,32492,1657953,14922000
Tennessee,Lewis,47101,341,10749, (D)
Tennessee,Lincoln,47103,22210,1119860,10510000
Tennessee,Loudon,47105,4142,175586, (D)
Tennessee,Mcminn,47107,5988,297754,2598000
Tennessee,Mcnairy,47109,24043,937209,9113000
Tennessee,Macon,47111,7696,397086,3842000
Tennessee,Madison,47113,37975,1731510,15853000
Tennessee,Marion,47115,5789,276370,2717000
Tennessee,Marshall,47117,8136,422353,3967000
Tennessee,Maury,47119,17551,896460,9045000
Tennessee,Meigs,47121,2007,106388,870000
Tennessee,Monroe,47123,11424,519468,4450000
Tennessee,Montgomery,47125,18697,945790,9170000
Tennessee,Moore,47127, (D), (D), (D)
Tennessee,Morgan,47129, (D), (D), (D)
Tennessee,Obion,47131,99235,5440858,51521000
Tennessee,Overton,47133,1340,80517,720000
Tennessee,Perry,47135,2786,110111,1087000
Tennessee,Pickett,47137,387,17112, (D)
Tennessee,Polk,47139,5067,203276, (D)
Tennessee,Putnam,47141,3109,171659,1658000
Tennessee,Rhea,47143,965,26230,253000
Tennessee,Robertson,47147,47684,2181465,21050000
Tennessee,Rutherford,47149,10959,559360,5402000
Tennessee,Sequatchie,47153,485,23967,138000
Tennessee,Sevier,47155,68,3056,31000
Tennessee,Shelby,47157,25571,1155885,9618000
Tennessee,Smith,47159,9545,550230,5328000
Tennessee,Stewart,47161,3291,110156,1052000
Tennessee,Sumner,47165,13355,626434,6241000
Tennessee,Tipton,47167,76556,3457033,33547000
Tennessee,Trousdale,47169, (D), (D), (D)
Tennessee,Van Buren,47175, (D), (D), (D)
Tennessee,Warren,47177,20205,1029765,9889000
Tennessee,Washington,47179,701,30417,293000
Tennessee,Wayne,47181,4580,180152,1329000
Tennessee,Weakley,47183,83119,3936481,38300000
Tennessee,White,47185,4517,217729,2050000
Tennessee,Williamson,47187,11206,517932,5024000
Tennessee,Wilson,47189,2590,134868,1256000
Texas,Andrews,48003, (D), (D), (D)
Texas,Bailey,48017,907,38566,360000
Texas,Bell,48027, (D), (D), (D)
Texas,Bowie,48037,6165,219977,1956000
Texas,Brazoria,48039,7453,313315,2259000
Texas,Brooks,48047, (D), (D), (D)
Texas,Burleson,48051,1048,49496, (D)
Texas,Caldwell,48055, (D), (D), (D)
Texas,Calhoun,48057,1591,50521, (D)
Texas,Callahan,48059, (D), (D), (D)
Texas,Cameron,48061, (D), (D), (D)
Texas,Carson,48065,1733,82415,754000
Texas,Castro,48069, (D), (D), (D)
Texas,Chambers,48071,600,21618,318000
Texas,Clay,48077, (D), (D), (D)
Texas,Collin,48085,805,28957, (D)
Texas,Colorado,48089,1360,54440, (D)
Texas,Comanche,48093, (D), (D), (D)
Texas,Cooke,48097,900,52200,475000
Texas,Coryell,48099,5111,205973,1874000
Texas,Dallam,48111,788,29616,257000
Texas,Dallas,48113,1316,49736,326000
Texas,Dawson,48115, (D), (D), (D)
Texas,Deaf Smith,48117,724,14776, (D)
Texas,Delta,48119,5461,184384,1628000
Texas,Denton,48121,3277,89101,809000
Texas,Dimmit,48127, (D), (D), (D)
Texas,Ellis,48139,8514,195858,1918000
Texas,Falls,48145,3499,112506,1010000
Texas,Fannin,48147,14538,484078,4309000
Texas,Floyd,48153, (D), (D), (D)
Texas,Foard,48155, (D), (D), (D)
Texas,Fort Bend,48157,3583,143133,1072000
Texas,Franklin,48159, (D), (D), (D)
Texas,Frio,48163,960,57600, (D)
Texas,Gaines,48165, (D), (D), (D)
Texas,Galveston,48167, (D), (D), (D)
Texas,Garza,48169, (D), (D), (D)
Texas,Grayson,48181,3348,119767,1018000
Texas,Hale,48189,190,10882,99000
Texas,Hamilton,48193, (D), (D), (D)
Texas,Hansford,48195,3939,207933,1868000
Texas,Hardin,48199, (D), (D), (D)
Texas,Harris,48201,543,14121,132000
Texas,Harrison,48203, (D), (D), (D)
Texas,Hartley,48205,1315,40155, (D)
Texas,Henderson,48213, (D), (D), (D)
Texas,Hidalgo,48215,3115,71491,652000
Texas,Hill,48217,352,8198,70000
Texas,Hockley,48219,307,8148,74000
Texas,Hopkins,48223, (D), (D), (D)
Texas,Hunt,48231,13453,577586,4701000
Texas,Jackson,48239,2412,69129,612000
Texas,Johnson,48251,4056,115066,1043000
Texas,Kaufman,48257,14324,429664,3862000
Texas,Kendall,48259,360,11700,79000
Texas,Lamar,48277,9548,399736,3344000
Texas,Lamb,48279,180,8100,74000
Texas,Lee,48287, (D), (D), (D)
Texas,Liberty,48291,7490,238540,2199000
Texas,Limestone,48293, (D), (D), (D)
Texas,Lipscomb,48295, (D), (D), (D)
Texas,Lubbock,48303, (D), (D), (D)
Texas,Mclennan,48309, (D), (D), (D)
Texas,Matagorda,48321,3355,143020,1194000
Texas,Midland,48329, (D), (D), (D)
Texas,Milam,48331,1048,30400,265000
Texas,Moore,48341, (D), (D), (D)
Texas,Ochiltree,48357,2795,109015,1006000
Texas,Panola,48365, (D), (D), (D)
Texas,Randall,48381, (D), (D), (D)
Texas,Red River,48387,2500,126718,1109000
Texas,Roberts,48393, (D), (D), (D)
Texas,Robertson,48395,4192,181180,1649000
Texas,Rockwall,48397,549,34495,313000
Texas,Sherman,48421,1032,53616,486000
Texas,Starr,48427, (D), (D), (D)
Texas,Tarrant,48439, (D), (D), (D)
Texas,Taylor,48441, (D), (D), (D)
Texas,Terry,48445,87, (D), (D)
Texas,Throckmorton,48447, (D), (D), (D)
Texas,Titus,48449,408,14320,130000
Texas,Travis,48453, (D), (D), (D)
Texas,Victoria,48469,6543,243537,2149000
Texas,Waller,48473,1447,65550,606000
Texas,Wharton,48481,13293,601571,5489000
Texas,Wheeler,48483, (D), (D), (D)
Texas,Wichita,48485,76,2016,18000
Texas,Willacy,48489, (D), (D), (D)
Texas,Wilson,48493, (D), (D), (D)
Utah,Box Elder,49003, (D), (D), (D)
Utah,Duchesne,49013, (D), (D), (D)
Vermont,Addison,50001,3612,160308,1198000
Vermont,Chittenden,50007,724,24410,228000
Vermont,Franklin,50011,286,10711, (D)
Vermont,Lamoille,50015, (D), (D), (D)
Vermont,Rutland,50021, (D), (D), (D)
Virginia,Accomack,51001,29610,1343875,12358000
Virginia,Albemarle,51003,3136,137389,1264000
Virginia,Amelia,51007,11200,436486,3687000
Virginia,Appomattox,51011,1696,55259,455000
Virginia,Augusta,51015,9345,498183,4553000
Virginia,Bath,51017, (D), (D), (D)
Virginia,Bedford,51019,650,22241,185000
Virginia,Botetourt,51023,664,30276,275000
Virginia,Brunswick,51025,11042,373337,3420000
Virginia,Buckingham,51029,2661,93007,980000
Virginia,Campbell,51031,4610,136758,1245000
Virginia,Caroline,51033,21331,1053566,9740000
Virginia,Charles City,51036,9303,456209,4008000
Virginia,Charlotte,51037,11485,332567,3039000
Virginia,Chesterfield,51041,2668,90659,642000
Virginia,Clarke,51043,2045,95457, (D)
Virginia,Craig,51045, (D), (D), (D)
Virginia,Culpeper,51047,12247,614292,5435000
Virginia,Cumberland,51049,1593,80553,749000
Virginia,Dinwiddie,51053,17967,694774,6365000
Virginia,Essex,51057,20043,981997,9024000
Virginia,Fauquier,51061,9846,522555,4851000
Virginia,Fluvanna,51065, (D), (D), (D)
Virginia,Franklin,51067,7059,328049,2927000
Virginia,Frederick,51069,2634,137639,1256000
Virginia,Gloucester,51073,6106,259523,2326000
Virginia,Goochland,51075,3061,139147,1276000
Virginia,Greensville,51081,11365,360576,3392000
Virginia,Halifax,51083,9428,265169,2494000
Virginia,Hanover,51085,28687,1022133,9045000
Virginia,Henrico,51087,2899,142523,1316000
Virginia,Henry,51089, (D), (D), (D)
Virginia,Highland,51091, (D), (D), (D)
Virginia,Isle Of Wight,51093,16718,729537,6827000
Virginia,James City,51095, (D), (D), (D)
Virginia,King And Queen,51097,15544,663711,6092000
Virginia,King George,51099,4330,185613,1644000
Virginia,King William,51101,10940,504128,4706000
Virginia,Lancaster,51103,4791,228208,2032000
Virginia,Lee,51105,20,740, (D)
Virginia,Loudoun,51107,8575,397176,3423000
Virginia,Louisa,51109,3959,206740,1852000
Virginia,Lunenburg,51111,4026,122908,1087000
Virginia,Madison,51113,7685,435193,3937000
Virginia,Mathews,51115,2221,91341,741000
Virginia,Mecklenburg,51117,20252,643112,6000000
Virginia,Middlesex,51119,6269,301050,3041000
Virginia,Montgomery,51121,156,9280,85000
Virginia,Nelson,51125, (D), (D), (D)
Virginia,New Kent,51127,5687,233381,1895000
Virginia,Northampton,51131,16913,711038,6564000
Virginia,Northumberland,51133,15211,789962,7193000
Virginia,Nottoway,51135,2862,96291,896000
Virginia,Orange,51137,6781,346785,3185000
Virginia,Page,51139,930,37963,354000
Virginia,Patrick,51141,191,9030,76000
Virginia,Pittsylvania,51143,5353,186999,1697000
Virginia,Powhatan,51145,3109,133602,1289000
Virginia,Prince Edward,51147,1803,66065,506000
Virginia,Prince George,51149,11215,456638,4133000
Virginia,Prince William,51153,2981,142793,1223000
Virginia,Pulaski,51155, (D), (D), (D)
Virginia,Rappahannock,51157, (D), (D), (D)
Virginia,Richmond,51159,13638,622700,5673000
Virginia,Rockbridge,51163,553,25235,228000
Virginia,Rockingham,51165,12001,635739,5760000
Virginia,Shenandoah,51171,5173,255759,2373000
Virginia,Southampton,51175,24098,1043619,9451000
Virginia,Spotsylvania,51177,3237,177020,1594000
Virginia,Stafford,51179,2602,136946,1202000
Virginia,Surry,51181,11114,428859,3454000
Virginia,Sussex,51183,21985,766296,7145000
Virginia,Tazewell,51185,193,10200, (D)
Virginia,Warren,51187,167,9750,89000
Virginia,Westmoreland,51193,15275,765287,6854000
Virginia,Wythe,51197, (D), (D), (D)
Virginia,Chesapeake City,51550,23128,912768,8649000
Virginia,Suffolk City,51800,20407,810047,7490000
Virginia,Virginia Beach City,51810,10146,488456,4757000
Washington,Walla Walla,53071,298,13991, (D)
West Virginia,Berkeley,54003,1932,93224,866000
West Virginia,Brooke,54009, (D), (D), (D)
West Virginia,Greenbrier,54025, (D), (D), (D)
West Virginia,Hampshire,54027, (D), (D), (D)
West Virginia,Hardy,54031,1452,60880,570000
West Virginia,Jackson,54035, (D), (D), (D)
West Virginia,Jefferson,54037,11361,615517,5613000
West Virginia,Marion,54049, (D), (D), (D)
West Virginia,Mason,54053,8272,585073,5286000
West Virginia,Mercer,54055, (D), (D), (D)
West Virginia,Monongalia,54061, (D), (D), (D)
West Virginia,Monroe,54063,102,4200,39000
West Virginia,Ohio,54069,92,3680,31000
West Virginia,Pendleton,54071,229,12030,109000
West Virginia,Pleasants,54073, (D), (D), (D)
West Virginia,Pocahontas,54075, (D), (D), (D)
West Virginia,Preston,54077,1215,42920,383000
West Virginia,Randolph,54083, (D), (D), (D)
West Virginia,Wood,54107,296,12300,114000
Wisconsin,Adams,55001,10157,422651,4085000
Wisconsin,Ashland,55003,856,19242,182000
Wisconsin,Barron,55005,52660,2156629,19594000
Wisconsin,Bayfield,55007,1443,42947,404000
Wisconsin,Brown,55009,29479,1347988,12095000
Wisconsin,Buffalo,55011,33612,1558554,14118000
Wisconsin,Burnett,55013,11761,463360,4152000
Wisconsin,Calumet,55015,29574,1403995,13079000
Wisconsin,Chippewa,55017,69850,2911974,26904000
Wisconsin,Clark,55019,65625,2836421,26029000
Wisconsin,Columbia,55021,54170,2768831,25129000
Wisconsin,Crawford,55023,18576,800293,6934000
Wisconsin,Dane,55025,96895,4887242,45046000
Wisconsin,Dodge,55027,88309,4559811,41683000
Wisconsin,Door,55029,16790,720493,6334000
Wisconsin,Douglas,55031, (D), (D), (D)
Wisconsin,Dunn,55033,66461,3014587,28106000
Wisconsin,Eau Claire,55035,24583,1067070,9973000
Wisconsin,Florence,55037, (D), (D), (D)
Wisconsin,Fond Du Lac,55039,56937,2850347,25708000
Wisconsin,Forest,55041,855,26990,253000
Wisconsin,Grant,55043,75088,4134685,39913000
Wisconsin,Green,55045,56347,2829378,26184000
Wisconsin,Green Lake,55047,20622,989908,9153000
Wisconsin,Iowa,55049,46913,2367024,21971000
Wisconsin,Iron,55051, (D),2636,25000
Wisconsin,Jackson,55053,29014,1262414,12072000
Wisconsin,Jefferson,55055,59744,2837166,25952000
Wisconsin,Juneau,55057,31945,1370173,13084000
Wisconsin,Kenosha,55059,21452,941148,8556000
Wisconsin,Kewaunee,55061,14763,681475,6224000
Wisconsin,La Crosse,55063,19365,888435,8184000
Wisconsin,Lafayette,55065,56672,3156808,28652000
Wisconsin,Langlade,55067,6931,248795,2154000
Wisconsin,Lincoln,55069,4977,169735,1486000
Wisconsin,Manitowoc,55071,32370,1507565,13680000
Wisconsin,Marathon,55073,61849,2599398,23426000
Wisconsin,Marinette,55075,10012,399950,3816000
Wisconsin,Marquette,55077,15718,629115,5757000
Wisconsin,Milwaukee,55079,1717,68036,635000
Wisconsin,Monroe,55081,24979,1047714,9497000
Wisconsin,Oconto,55083,23159,941959,8610000
Wisconsin,Oneida,55085,471,13768,120000
Wisconsin,Outagamie,55087,63647,2686904,24155000
Wisconsin,Ozaukee,55089,11376,568465,4887000
Wisconsin,Pepin,55091,16875,775603,7110000
Wisconsin,Pierce,55093,41566,2012454,18781000
Wisconsin,Polk,55095,37087,1483106,13679000
Wisconsin,Portage,55097,20931,898711,8188000
Wisconsin,Price,55099,170,5988,57000
Wisconsin,Racine,55101,46731,2001895,18457000
Wisconsin,Richland,55103,16681,727122,6651000
Wisconsin,Rock,55105,100107,4778835,45878000
Wisconsin,Rusk,55107,13646,493515,4408000
Wisconsin,St Croix,55109,57080,2681955,24774000
Wisconsin,Sauk,55111,38470,1809438,16743000
Wisconsin,Sawyer,55113,4059,138269,1242000
Wisconsin,Shawano,55115,29646,1331856,11995000
Wisconsin,Sheboygan,55117,43882,2092071,19169000
Wisconsin,Taylor,55119,28690,1070711,10106000
Wisconsin,Trempealeau,55121,43823,1935699,17671000
Wisconsin,Vernon,55123,39645,1753422,15616000
Wisconsin,Walworth,55127,49173,2198218,20917000
Wisconsin,Washburn,55129,5617,224504,2111000
Wisconsin,Washington,55131,28089,1291565,11750000
Wisconsin,Waukesha,55133,25051,1101301,10369000
Wisconsin,Waupaca,55135,29282,1281801,11322000
Wisconsin,Waushara,55137,14282,631295,5794000
Wisconsin,Winnebago,55139,46734,2172999,20218000
Wisconsin,Wood,55141,19095,804627,7088000
Wyoming,Park,56029,107,1130, (D)
